SHIPMENTID,VESSEL,IMO,VOYAGE#,ORIGIN_PORT,DESTINATION_PORT,ARRIVAL_TIME,GATEOUT_TIME,EQUIPMENTTYPECODE,HAZMAT,GROSS_WEIGHT,weight_uom
1,BELLAVIA,9290440,003E,NAGOYA,TACOMA,28-08-2019 06:30,29-08-2019 13:11,UCU,N,,
13,BELLAVIA,9290440,003E,TOKYO,TACOMA,28-08-2019 06:30,30-08-2019 14:30,UCU,N,,
1079,SOUTHAMPTON EXPRESS,9447885,002E,HONG KONG,NEW YORK,22-09-2019 10:48,26-09-2019 06:55,UCU,N,,
1080,SOUTHAMPTON EXPRESS,9447885,002E,HONG KONG,NEW YORK,22-09-2019 10:48,25-09-2019 11:47,UCU,N,,
1149,MOL MOTIVATOR,9475624,048E,SHANGHAI,CHARLESTON,24-09-2019 02:25,25-09-2019 16:21,UCU,N,,
1154,MOL MISSION,9475650,052E,TOKYO,SAVANNAH,13-09-2019 08:00,18-09-2019 13:46,UCU,N,,
1155,MOL MISSION,9475650,052E,TOKYO,SAVANNAH,13-09-2019 08:00,19-09-2019 10:40,UCU,N,,
1164,MOL MISSION,9475650,052E,TOKYO,SAVANNAH,13-09-2019 08:00,18-09-2019 15:00,UCU,N,,
1165,MOL MISSION,9475650,052E,TOKYO,SAVANNAH,13-09-2019 08:00,16-09-2019 14:24,UCU,N,,
1166,MOL MISSION,9475650,052E,TOKYO,SAVANNAH,13-09-2019 08:00,16-09-2019 15:58,UCU,N,,
1167,MOL MISSION,9475650,052E,TOKYO,SAVANNAH,13-09-2019 08:00,17-09-2019 16:02,UCU,N,,
1168,MOL MISSION,9475650,052E,TOKYO,SAVANNAH,13-09-2019 08:00,16-09-2019 17:00,UCU,N,,
1169,MOL MISSION,9475650,052E,TOKYO,SAVANNAH,13-09-2019 08:00,16-09-2019 13:45,UCU,N,,
1200,HANOI BRIDGE,9588093,032E,SHANGHAI,SAVANNAH,20-09-2019 12:00,24-09-2019 09:33,UCU,N,,
1236,HANOI BRIDGE,9588093,032E,SHANGHAI,SAVANNAH,20-09-2019 12:00,23-09-2019 16:31,UCU,N,,
1237,HANOI BRIDGE,9588093,032E,SHANGHAI,SAVANNAH,20-09-2019 12:00,27-09-2019 10:52,UCU,N,,
1254,MOL PARADISE,9307047,307E,HO CHI MINH,NEW YORK,24-09-2019 12:06,25-09-2019 12:12,UCU,N,,
1255,MOL MAESTRO,9415727,049E,SHANGHAI,SAVANNAH,24-09-2019 05:30,30-09-2019 14:16,UCU,N,,
1256,MOL MAESTRO,9415727,049E,SHANGHAI,SAVANNAH,24-09-2019 05:30,27-09-2019 15:27,UCU,N,,
1257,MOL MAESTRO,9415727,049E,SHANGHAI,SAVANNAH,24-09-2019 05:30,30-09-2019 10:12,UCU,N,,
1258,MOL MAESTRO,9415727,049E,SHANGHAI,SAVANNAH,24-09-2019 05:30,01-10-2019 08:08,UCU,N,,
1397,MOL MAESTRO,9415727,049E,TOKYO,SAVANNAH,24-09-2019 05:30,27-09-2019 14:34,UCU,N,,
1398,MOL MAESTRO,9415727,049E,TOKYO,SAVANNAH,24-09-2019 05:30,30-09-2019 10:13,UCU,N,,
1399,MOL MAESTRO,9415727,049E,TOKYO,SAVANNAH,24-09-2019 05:30,30-09-2019 10:46,UCU,N,,
1413,MOL MAESTRO,9415727,049E,TOKYO,NORFOLK,29-09-2019 17:45,01-10-2019 07:29,UCU,N,,
1414,MOL MAESTRO,9415727,049E,PUSAN,SAVANNAH,24-09-2019 05:30,30-09-2019 16:25,UCU,N,,
1442,MOL MOTIVATOR,9475624,048E,TOKYO,SAVANNAH,20-09-2019 12:40,24-09-2019 10:29,UCU,N,,
1443,MOL MOTIVATOR,9475624,048E,TOKYO,SAVANNAH,20-09-2019 12:40,23-09-2019 12:36,UCU,N,,
1444,MOL MOTIVATOR,9475624,048E,TOKYO,SAVANNAH,20-09-2019 12:40,23-09-2019 11:46,UCU,N,,
1445,MOL MOTIVATOR,9475624,048E,TOKYO,SAVANNAH,20-09-2019 12:40,24-09-2019 13:52,UCU,N,,
1446,MOL MOTIVATOR,9475624,048E,TOKYO,SAVANNAH,20-09-2019 12:40,24-09-2019 15:14,UCU,N,,
1447,MOL MOTIVATOR,9475624,048E,TOKYO,SAVANNAH,20-09-2019 12:40,24-09-2019 10:22,UCU,N,,
1448,MOL MOTIVATOR,9475624,048E,TOKYO,SAVANNAH,20-09-2019 12:40,24-09-2019 10:10,UCU,N,,
1461,MOL MAESTRO,9415727,049E,TOKYO,SAVANNAH,24-09-2019 05:30,28-09-2019 10:28,UCU,N,,
1462,MOL MAESTRO,9415727,049E,TOKYO,SAVANNAH,24-09-2019 05:30,30-09-2019 14:46,UCU,N,,
1463,MOL MAESTRO,9415727,049E,TOKYO,SAVANNAH,24-09-2019 05:30,30-09-2019 15:05,UCU,N,,
1464,MOL MAESTRO,9415727,049E,TOKYO,SAVANNAH,24-09-2019 05:30,30-09-2019 14:57,UCU,N,,
1473,MOL MOTIVATOR,9475624,048E,TOKYO,SAVANNAH,20-09-2019 12:40,24-09-2019 11:29,UCU,N,,
1474,MOL MOTIVATOR,9475624,048E,TOKYO,SAVANNAH,20-09-2019 12:40,25-09-2019 13:13,UCU,N,,
1475,MOL MOTIVATOR,9475624,048E,TOKYO,SAVANNAH,20-09-2019 12:40,25-09-2019 16:13,UCU,N,,
1483,MOL MAESTRO,9415727,049E,TOKYO,SAVANNAH,24-09-2019 05:30,25-09-2019 17:06,UCU,N,,
1485,MOL MAESTRO,9415727,049E,TOKYO,SAVANNAH,24-09-2019 05:30,25-09-2019 13:35,UCU,N,,
1486,MOL MAESTRO,9415727,049E,TOKYO,SAVANNAH,24-09-2019 05:30,25-09-2019 15:36,UCU,N,,
1487,MOL MAESTRO,9415727,049E,PUSAN,CHARLESTON,27-09-2019 16:05,28-09-2019 06:44,UCU,N,,
1488,MOL MAESTRO,9415727,049E,PUSAN,CHARLESTON,27-09-2019 16:05,28-09-2019 08:58,UCU,N,,
1489,MOL MAESTRO,9415727,049E,PUSAN,CHARLESTON,27-09-2019 16:05,28-09-2019 09:51,UCU,N,,
1517,SEASPAN GANGES,9630365,015E,PUSAN,NEW YORK,26-09-2019 08:39,02-10-2019 11:22,UCU,N,,
1578,SEASPAN AMAZON,9630391,013E,SHANGHAI,NEW YORK,26-09-2019 17:09,01-10-2019 10:57,UCU,N,,
1579,SEASPAN AMAZON,9630391,013E,SHANGHAI,NEW YORK,26-09-2019 17:09,02-10-2019 14:42,UCU,N,,
2879,ONE HAMMERSMITH,9395147,063E,KOBE,OAKLAND,04-09-2019 18:00,10-09-2019 08:28,20ST,N,,
2881,ONE HAMMERSMITH,9395147,063E,TOKYO,OAKLAND,04-09-2019 18:00,12-09-2019 16:37,40ST,N,,
2999,MOL MOTIVATOR,9475624,048E,SHANGHAI,SAVANNAH,20-09-2019 12:40,25-09-2019 15:32,UCU,N,,
3000,MOL MOTIVATOR,9475624,048E,SHANGHAI,SAVANNAH,20-09-2019 12:40,23-09-2019 16:03,UCU,N,,
3079,HANOI BRIDGE,9588093,032E,SHANGHAI,NORFOLK,27-09-2019 05:54,30-09-2019 15:24,UCU,N,,
3080,HANOI BRIDGE,9588093,032E,SHANGHAI,NORFOLK,27-09-2019 05:54,30-09-2019 16:10,UCU,N,,
5472,BELLAVIA,9290440,003E,TOKYO,TACOMA,28-08-2019 06:30,03-09-2019 09:46,UCU,N,,
5473,BELLAVIA,9290440,003E,TOKYO,TACOMA,28-08-2019 06:30,29-08-2019 10:03,UCU,N,,
5474,BELLAVIA,9290440,003E,TOKYO,TACOMA,28-08-2019 06:30,29-08-2019 10:38,UCU,N,,
5475,BELLAVIA,9290440,003E,TOKYO,TACOMA,28-08-2019 06:30,29-08-2019 12:20,UCU,N,,
5574,BELLAVIA,9290440,003E,NAGOYA,TACOMA,28-08-2019 06:30,04-09-2019 14:10,UCU,N,,
5575,BELLAVIA,9290440,003E,NAGOYA,TACOMA,28-08-2019 06:30,03-09-2019 15:34,UCU,N,,
7331,BAY BRIDGE,9463267,132E,NAGOYA,TACOMA,09-09-2019 07:00,11-09-2019 14:50,UCU,N,,
7339,MOL EXPLORER,9333826,033E,TOKYO,TACOMA,04-09-2019 06:45,05-09-2019 14:15,UCU,N,,
7341,MOL EXPLORER,9333826,033E,TOKYO,TACOMA,04-09-2019 06:45,05-09-2019 13:35,UCU,N,,
7342,MOL EXPLORER,9333826,033E,TOKYO,TACOMA,04-09-2019 06:45,05-09-2019 08:21,UCU,N,,
7343,MOL EXPLORER,9333826,033E,TOKYO,TACOMA,04-09-2019 06:45,05-09-2019 11:09,UCU,N,,
7344,MOL EXPLORER,9333826,033E,TOKYO,TACOMA,04-09-2019 06:45,05-09-2019 12:06,UCU,N,,
7345,MOL EXPLORER,9333826,033E,TOKYO,TACOMA,04-09-2019 06:45,05-09-2019 12:12,UCU,N,,
7351,BAY BRIDGE,9463267,132E,TOKYO,TACOMA,09-09-2019 07:00,13-09-2019 14:52,UCU,N,,
7369,BAY BRIDGE,9463267,132E,TOKYO,TACOMA,09-09-2019 07:00,13-09-2019 13:58,UCU,N,,
7828,BAY BRIDGE,9463267,132E,NAGOYA,TACOMA,09-09-2019 07:00,13-09-2019 10:34,UCU,N,,
7829,BAY BRIDGE,9463267,132E,NAGOYA,TACOMA,09-09-2019 07:00,13-09-2019 13:19,UCU,N,,
7830,BAY BRIDGE,9463267,132E,NAGOYA,TACOMA,09-09-2019 07:00,13-09-2019 14:51,UCU,N,,
7837,BAY BRIDGE,9463267,132E,NAGOYA,TACOMA,09-09-2019 07:00,13-09-2019 14:39,UCU,N,,
7955,BEAR MOUNTAIN BRIDGE,9463293,083E,TOKYO,TACOMA,15-09-2019 16:30,16-09-2019 14:23,20ST,N,,
8027,MOL MARVEL,9475612,048E,SHANGHAI,CHARLESTON,11-10-2019 14:45,14-10-2019 10:52,40HC,N,,
9984,MOL MARVEL,9475612,048E,TOKYO,SAVANNAH,08-10-2019 07:25,09-10-2019 10:37,40ST,N,,
9985,MOL MARVEL,9475612,048E,TOKYO,SAVANNAH,08-10-2019 07:25,09-10-2019 10:45,40ST,N,,
9986,MOL MARVEL,9475612,048E,TOKYO,SAVANNAH,08-10-2019 07:25,10-10-2019 12:57,40ST,N,,
9987,MOL MARVEL,9475612,048E,TOKYO,SAVANNAH,08-10-2019 07:25,10-10-2019 12:52,40ST,N,,
9988,MOL MARVEL,9475612,048E,TOKYO,SAVANNAH,08-10-2019 07:25,10-10-2019 13:34,UCU,N,,
10093,BRIGHTON,9332846,105E,HO CHI MINH,NEW YORK,15-10-2019 06:29,21-10-2019 13:23,40ST,N,,
14086,ONE IBIS,9741384,017E,HONG KONG,NEW YORK,25-10-2019 08:14,29-10-2019 13:39,40ST,N,,
14167,ONE IBIS,9741384,017E,HONG KONG,NEW YORK,25-10-2019 08:14,29-10-2019 14:09,20ST,N,,
14175,SEASPAN THAMES,9630377,013E,PUSAN,NEW YORK,25-10-2019 20:29,31-10-2019 15:14,20ST,N,,
14183,MOL COURAGE,9321263,9139,NHAVA SHEVA,CHARLESTON,02-11-2019 04:04,07-11-2019 14:41,40HC,N,,
14193,OOCL WASHINGTON,9417256,9138,NHAVA SHEVA,CHARLESTON,25-10-2019 04:23,29-10-2019 07:57,20RF,N,,
14201,SEASPAN THAMES,9630377,013E,PUSAN,NEW YORK,25-10-2019 20:29,30-10-2019 14:03,20ST,N,,
14209,NAVIOS CONSTELLATION,9408877,008E,QINGDAO,SAVANNAH,21-11-2019 05:29,22-11-2019 10:17,40ST,N,,
14308,MOL MAGNIFICENCE,9424900,054E,PUSAN,CHARLESTON,26-10-2019 21:35,28-10-2019 09:27,40ST,N,,
14332,MOL MAGNIFICENCE,9424900,054E,SHANGHAI,CHARLESTON,26-10-2019 21:35,31-10-2019 14:46,40HC,N,,
14334,MOL MAGNIFICENCE,9424900,054E,SHANGHAI,CHARLESTON,26-10-2019 21:35,30-10-2019 06:40,40HC,N,,
14335,MOL MAGNIFICENCE,9424900,054E,SHANGHAI,CHARLESTON,26-10-2019 21:35,30-10-2019 13:39,40HC,N,,
14336,MOL MAGNIFICENCE,9424900,054E,SHANGHAI,CHARLESTON,26-10-2019 21:35,28-10-2019 16:20,40HC,N,,
14337,MOL MAGNIFICENCE,9424900,054E,SHANGHAI,CHARLESTON,26-10-2019 21:35,29-10-2019 12:36,40HC,N,,
14338,MOL MAGNIFICENCE,9424900,054E,SHANGHAI,CHARLESTON,26-10-2019 21:35,29-10-2019 06:58,UCU,N,,
14339,MOL MAGNIFICENCE,9424900,054E,SHANGHAI,CHARLESTON,26-10-2019 21:35,28-10-2019 12:43,UCU,N,,
14340,MOL MAGNIFICENCE,9424900,054E,SHANGHAI,CHARLESTON,26-10-2019 21:35,31-10-2019 15:02,UCU,N,,
14341,MOL MAGNIFICENCE,9424900,054E,SHANGHAI,CHARLESTON,26-10-2019 21:35,29-10-2019 10:24,UCU,N,,
14342,MOL MAGNIFICENCE,9424900,054E,SHANGHAI,CHARLESTON,26-10-2019 21:35,28-10-2019 07:41,UCU,N,,
14343,MOL MAGNIFICENCE,9424900,054E,SHANGHAI,CHARLESTON,26-10-2019 21:35,28-10-2019 09:40,UCU,N,,
14344,MOL MAGNIFICENCE,9424900,054E,SHANGHAI,CHARLESTON,26-10-2019 21:35,29-10-2019 15:47,UCU,N,,
14345,MOL MAGNIFICENCE,9424900,054E,SHANGHAI,CHARLESTON,26-10-2019 21:35,28-10-2019 16:28,UCU,N,,
14346,MOL MAGNIFICENCE,9424900,054E,SHANGHAI,CHARLESTON,26-10-2019 21:35,29-10-2019 11:36,UCU,N,,
14347,MOL MAGNIFICENCE,9424900,054E,SHANGHAI,CHARLESTON,26-10-2019 21:35,30-10-2019 14:02,UCU,N,,
14348,MOL MAGNIFICENCE,9424900,054E,SHANGHAI,CHARLESTON,26-10-2019 21:35,28-10-2019 08:26,UCU,N,,
14489,SEASPAN THAMES,9630377,013E,PUSAN,NEW YORK,25-10-2019 20:29,30-10-2019 09:04,40HC,N,,
14560,BALTIC NORTH,9463310,003E,NAGOYA,TACOMA,29-09-2019 15:42,01-10-2019 14:16,40ST,N,,
15567,COLOMBO EXPRESS,9295244,090W,LOS ANGELES,PUSAN,01-11-2019 06:47,01-11-2019 17:05,40HC,N,,
15878,SAN DIEGO BRIDGE,9560376,041E,LAEM CHABANG,LONG BEACH,25-09-2019 15:18,01-10-2019 14:05,40HR,N,,
16168,NAVIOS CONSTELLATION,9408877,008E,PUSAN,NEW YORK,09-11-2019 02:39,12-11-2019 15:09,20ST,N,,
16231,MOL MANEUVER,9475648,049E,SHANGHAI,SAVANNAH,30-10-2019 12:00,01-11-2019 09:16,40HC,N,,
16235,MOL MAGNIFICENCE,9424900,054E,TOKYO,NORFOLK,29-10-2019 17:24,30-10-2019 13:29,40ST,N,,
16237,MOL PREMIUM,9444261,048E,PORT KLANG,LONG BEACH,25-10-2019 04:19,28-10-2019 20:13,40HC,N,,
16239,MOL PARTNER,9307035,113E,HO CHI MINH,NEW YORK,29-10-2019 17:29,01-11-2019 10:49,40ST,N,,
16251,NAVIOS CONSTELLATION,9408877,008E,PUSAN,NEW YORK,09-11-2019 02:39,13-11-2019 16:15,40HC,N,,
16255,NAVIOS CONSTELLATION,9408877,008E,PUSAN,NEW YORK,09-11-2019 02:39,14-11-2019 10:26,20ST,N,,
16294,MOL PARTNER,9307035,113E,LAEM CHABANG,NEW YORK,29-10-2019 17:29,01-11-2019 09:16,20ST,N,,
16387,EXPRESS BERLIN,9484924,013E,YANTIAN,OAKLAND,23-10-2019 20:14,31-10-2019 08:11,20ST,N,,
16399,NYK TRITON,9356713,077E,NHAVA SHEVA,LONG BEACH,08-11-2019 15:30,11-11-2019 18:45,40HC,N,,
16428,NAVIOS CONSTELLATION,9408877,008E,PUSAN,NEW YORK,09-11-2019 02:39,13-11-2019 12:05,20ST,N,,
16481,MOL PREMIUM,9444261,048E,LAEM CHABANG,LONG BEACH,25-10-2019 04:19,29-10-2019 15:04,40HC,N,,
16497,MOL PREMIUM,9444261,048E,LAEM CHABANG,LONG BEACH,25-10-2019 04:19,31-10-2019 01:37,40HR,N,,
16567,MOL COURAGE,9321263,9139,NHAVA SHEVA,NEW YORK,24-10-2019 00:08,28-10-2019 11:59,20ST,N,,
16595,YM MODESTY,9664885,043E,LAEM CHABANG,SAVANNAH,08-11-2019 05:45,12-11-2019 12:37,20ST,N,,
16601,TENO,9447859,9140,NHAVA SHEVA,CHARLESTON,09-11-2019 03:14,12-11-2019 10:38,40HC,N,,
16651,CONTI CONQUEST,9293818,002E,SHANGHAI,NORFOLK,26-10-2019 06:48,31-10-2019 14:55,40ST,N,,
16667,TENO,9447859,9140,NHAVA SHEVA,SAVANNAH,07-11-2019 03:40,12-11-2019 11:40,40RF,N,,
16689,MOL COURAGE,9321263,9139,NHAVA SHEVA,NORFOLK,28-10-2019 19:15,02-11-2019 17:08,40RF,N,,
16691,MOL PREMIUM,9444261,048E,PORT KLANG,LONG BEACH,25-10-2019 04:19,30-10-2019 00:22,40HC,N,,
16757,TENO,9447859,9140,NHAVA SHEVA,NEW YORK,30-10-2019 18:04,31-10-2019 16:46,40RF,N,,
16765,TENO,9447859,9140,NHAVA SHEVA,NEW YORK,30-10-2019 18:04,31-10-2019 16:42,40RF,N,,
17406,TENO,9447859,9140,NHAVA SHEVA,SAVANNAH,07-11-2019 03:40,08-11-2019 15:24,40RF,N,,
18441,MOL MODERN,9475636,048E,PUSAN,CHARLESTON,15-11-2019 05:34,20-11-2019 14:22,40ST,N,,
18940,NYK VESTA,9312808,066W,OAKLAND,TOKYO,15-10-2019 15:39,18-10-2019 14:08,20ST,N,,
18942,YM EXPRESS,9496628,043E,NEW YORK,ROTTERDAM,09-10-2019 21:43,11-10-2019 16:25,40HC,N,,
18944,YM UTILITY,9337470,064E,HONG KONG,SAVANNAH,13-11-2019 09:15,14-11-2019 11:49,40HC,N,,
18949,SEASPAN ZAMBEZI,9630406,017E,QINGDAO,SAVANNAH,25-11-2019 04:29,29-11-2019 13:13,40ST,N,,
18953,MOL MANEUVER,9475648,049E,TOKYO,SAVANNAH,30-10-2019 12:00,31-10-2019 10:49,40HC,N,,
18954,MOL MANEUVER,9475648,049E,TOKYO,SAVANNAH,30-10-2019 12:00,31-10-2019 11:41,40HC,N,,
18955,MOL MANEUVER,9475648,049E,TOKYO,SAVANNAH,30-10-2019 12:00,31-10-2019 10:09,40HC,N,,
18956,MOL MANEUVER,9475648,049E,TOKYO,SAVANNAH,30-10-2019 12:00,31-10-2019 13:25,40HC,N,,
18965,MOL MANEUVER,9475648,049E,TOKYO,SAVANNAH,30-10-2019 12:00,31-10-2019 11:40,UCU,N,,
18981,MOL MANEUVER,9475648,049E,TOKYO,SAVANNAH,30-10-2019 12:00,31-10-2019 14:19,40ST,N,,
18987,MOL MODERN,9475636,048E,PUSAN,CHARLESTON,15-11-2019 05:34,18-11-2019 14:11,40ST,N,,
19412,SEATTLE BRIDGE,9560352,055E,NHAVA SHEVA,LONG BEACH,14-11-2019 06:09,19-11-2019 16:42,40HC,N,,
19428,NYK ALTAIR,9468308,047E,QINGDAO,LONG BEACH,08-11-2019 05:30,15-11-2019 11:52,40ST,N,,
19430,NYK ALTAIR,9468308,047E,QINGDAO,LONG BEACH,08-11-2019 05:30,14-11-2019 14:50,40ST,N,,
19452,NYK ORPHEUS,9313008,056E,KOBE,LOS ANGELES,27-10-2019 15:14,30-10-2019 14:18,40ST,N,,
19469,FRANKFURT EXPRESS,9450442,060E,HONG KONG,SEATTLE,31-10-2019 17:34,07-11-2019 07:40,20ST,N,,
20315,NYK ARGUS,9262716,102E,NHAVA SHEVA,LONG BEACH,22-11-2019 06:52,02-12-2019 08:12,40HC,N,,
20329,KYOTO EXPRESS,9295256,9141,NHAVA SHEVA,NEW YORK,06-11-2019 22:59,11-11-2019 09:52,20ST,N,,
20368,KYOTO EXPRESS,9295256,9141,MUNDRA,CHARLESTON,18-11-2019 12:36,19-11-2019 13:17,20ST,N,,
20469,YM WIND,9708461,012E,HO CHI MINH,NEW YORK,09-11-2019 08:29,12-11-2019 15:34,40ST,N,,
20494,SEASPAN ZAMBEZI,9630406,017E,PUSAN,NEW YORK,13-11-2019 16:59,19-11-2019 15:14,20ST,N,,
20527,KYOTO EXPRESS,9295256,9141,NHAVA SHEVA,SAVANNAH,16-11-2019 23:04,20-11-2019 16:27,40RF,N,,
21422,ATHOS,9406738,011E,QINGDAO,SAVANNAH,29-11-2019 10:59,05-12-2019 15:01,20ST,N,,
21445,SEATTLE BRIDGE,9560352,055E,PORT KLANG,LONG BEACH,14-11-2019 06:09,18-11-2019 23:30,40HC,N,,
21495,MOL MODERN,9475636,048E,SHANGHAI,CHARLESTON,15-11-2019 05:34,20-11-2019 13:29,UCU,N,,
21601,SEASPAN ZAMBEZI,9630406,017E,PUSAN,NEW YORK,13-11-2019 16:59,14-11-2019 14:56,40HC,N,,
21607,SEASPAN HUDSON,9630418,014E,HONG KONG,NEW YORK,15-11-2019 05:29,19-11-2019 09:01,20ST,N,,
21609,SEASPAN HUDSON,9630418,014E,HONG KONG,NEW YORK,15-11-2019 05:29,18-11-2019 15:09,20ST,N,,
21611,MOL MODERN,9475636,048E,SHANGHAI,SAVANNAH,12-11-2019 07:25,13-11-2019 10:59,40HC,N,,
21613,MOL MODERN,9475636,048E,SHANGHAI,SAVANNAH,12-11-2019 07:25,13-11-2019 15:32,20ST,N,,
21617,MOL MODERN,9475636,048E,SHANGHAI,SAVANNAH,12-11-2019 07:25,13-11-2019 09:50,40ST,N,,
21619,MOL MODERN,9475636,048E,SHANGHAI,SAVANNAH,12-11-2019 07:25,14-11-2019 09:49,40ST,N,,
21623,SEASPAN ZAMBEZI,9630406,017E,PUSAN,NEW YORK,13-11-2019 16:59,18-11-2019 18:54,20ST,N,,
21625,SEASPAN HUDSON,9630418,014E,HONG KONG,NEW YORK,15-11-2019 05:29,19-11-2019 07:33,20ST,N,,
21682,ARISTOMENIS,9408841,009E,HONG KONG,LOS ANGELES,07-11-2019 14:49,13-11-2019 11:23,UCU,N,,
22083,CMA CGM ALMAVIVA,9450648,9142,NHAVA SHEVA,CHARLESTON,22-11-2019 17:49,26-11-2019 14:23,40HC,N,,
22099,MOL CELEBRATION,9321251,073E,PUSAN,TACOMA,08-11-2019 06:45,14-11-2019 12:10,40ST,N,,
22114,NYK ORPHEUS,9313008,056E,NAGOYA,LOS ANGELES,27-10-2019 15:14,30-10-2019 10:01,20FR,N,,
22120,NYK ORPHEUS,9313008,056E,NAGOYA,LOS ANGELES,27-10-2019 15:14,30-10-2019 11:29,20ST,N,,
22124,MOL MODERN,9475636,048E,SHANGHAI,SAVANNAH,12-11-2019 07:25,15-11-2019 09:39,20ST,N,,
22135,NYK ORPHEUS,9313008,056E,NAGOYA,LOS ANGELES,27-10-2019 15:14,31-10-2019 09:16,20FR,N,,
22540,NYK ORION,9312999,061E,KOBE,LOS ANGELES,31-10-2019 04:55,06-11-2019 15:21,40ST,N,,
22546,NYK ORION,9312999,061E,KOBE,LOS ANGELES,31-10-2019 04:55,06-11-2019 11:44,UCU,N,,
22579,BEAR MOUNTAIN BRIDGE,9463293,084E,NAGOYA,TACOMA,27-10-2019 16:06,31-10-2019 13:46,40ST,N,,
22675,CMA CGM ALMAVIVA,9450648,9142,NHAVA SHEVA,SAVANNAH,21-11-2019 05:49,25-11-2019 12:49,40RF,N,,
23270,NYK ORPHEUS,9313008,056E,TOKYO,LOS ANGELES,27-10-2019 15:14,29-10-2019 13:40,40ST,N,,
23272,NYK ORPHEUS,9313008,056E,TOKYO,LOS ANGELES,27-10-2019 15:14,29-10-2019 15:34,40ST,N,,
23274,NYK ORPHEUS,9313008,056E,TOKYO,LOS ANGELES,27-10-2019 15:14,30-10-2019 08:36,40ST,N,,
23282,NYK ORPHEUS,9313008,056E,TOKYO,LOS ANGELES,27-10-2019 15:14,30-10-2019 09:05,40ST,N,,
23307,MOL MISSION,9475650,053E,PUSAN,CHARLESTON,28-11-2019 16:55,02-12-2019 10:19,40ST,N,,
23311,ATHOS,9406738,011E,PUSAN,WILMINGTON,27-11-2019 22:54,02-12-2019 16:02,20ST,N,,
23313,YM UTILITY,9337470,064E,SHANGHAI,SAVANNAH,13-11-2019 09:15,14-11-2019 11:53,40ST,N,,
23327,NYK ORPHEUS,9313008,056E,TOKYO,LOS ANGELES,27-10-2019 15:14,30-10-2019 08:38,40ST,N,,
23345,NYK ORION,9312999,061E,NAGOYA,LOS ANGELES,31-10-2019 04:55,06-11-2019 21:25,20ST,N,,
23359,NYK ORPHEUS,9313008,056E,TOKYO,LOS ANGELES,27-10-2019 15:14,30-10-2019 14:00,20ST,N,,
23360,NYK ORPHEUS,9313008,056E,TOKYO,LOS ANGELES,27-10-2019 15:14,30-10-2019 08:33,40OT,N,,
23361,NYK ORPHEUS,9313008,056E,TOKYO,LOS ANGELES,27-10-2019 15:14,30-10-2019 08:32,40OT,N,,
23365,NYK ORPHEUS,9313008,056E,TOKYO,LOS ANGELES,27-10-2019 15:14,30-10-2019 15:40,40HC,N,,
23367,MOL CREATION,9321237,071E,QINGDAO,LONG BEACH,14-11-2019 15:10,20-11-2019 14:23,20ST,N,,
23368,MOL CREATION,9321237,071E,QINGDAO,LONG BEACH,14-11-2019 15:10,20-11-2019 19:08,40ST,N,,
23369,MOL CREATION,9321237,071E,QINGDAO,LONG BEACH,14-11-2019 15:10,20-11-2019 14:32,40ST,N,,
23370,MOL CREATION,9321237,071E,QINGDAO,LONG BEACH,14-11-2019 15:10,21-11-2019 08:55,40ST,N,,
23371,MOL CREATION,9321237,071E,QINGDAO,LONG BEACH,14-11-2019 15:10,20-11-2019 15:03,UCU,N,,
23372,MOL CREATION,9321237,071E,QINGDAO,LONG BEACH,14-11-2019 15:10,21-11-2019 14:47,UCU,N,,
23373,MOL CREATION,9321237,071E,QINGDAO,LONG BEACH,14-11-2019 15:10,21-11-2019 09:17,UCU,N,,
23374,MOL CREATION,9321237,071E,QINGDAO,LONG BEACH,14-11-2019 15:10,20-11-2019 14:42,UCU,N,,
23375,MOL CREATION,9321237,071E,QINGDAO,LONG BEACH,14-11-2019 15:10,20-11-2019 16:25,UCU,N,,
23376,MOL CREATION,9321237,071E,QINGDAO,LONG BEACH,14-11-2019 15:10,21-11-2019 09:20,UCU,N,,
23377,MOL CREATION,9321237,071E,QINGDAO,LONG BEACH,14-11-2019 15:10,21-11-2019 13:43,UCU,N,,
23378,MOL CREATION,9321237,071E,QINGDAO,LONG BEACH,14-11-2019 15:10,21-11-2019 09:02,UCU,N,,
23379,MOL CREATION,9321237,071E,QINGDAO,LONG BEACH,14-11-2019 15:10,20-11-2019 11:10,UCU,N,,
23380,MOL CREATION,9321237,071E,QINGDAO,LONG BEACH,14-11-2019 15:10,21-11-2019 13:50,UCU,N,,
23442,NYK ORPHEUS,9313008,056E,TOKYO,OAKLAND,31-10-2019 18:29,01-11-2019 11:32,40ST,N,,
23491,NYK ORION,9312999,061E,NAGOYA,LOS ANGELES,31-10-2019 04:55,06-11-2019 11:13,40HR,N,,
23493,NYK ADONIS,9468293,050E,YANTIAN,LOS ANGELES,03-11-2019 06:07,08-11-2019 13:50,40ST,N,,
24028,YM MODERATION,9664897,047E,HO CHI MINH,NEW YORK,17-11-2019 17:34,21-11-2019 07:17,40ST,N,,
24030,MOL MISSION,9475650,053E,SHANGHAI,CHARLESTON,28-11-2019 16:55,03-12-2019 14:33,40HC,N,,
24059,MOL MISSION,9475650,053E,SHANGHAI,SAVANNAH,25-11-2019 06:20,02-12-2019 10:17,40ST,N,,
24067,MOL MOTIVATOR,9475624,049E,PUSAN,CHARLESTON,30-11-2019 17:38,03-12-2019 13:30,40ST,N,,
24077,HANOI BRIDGE,9588093,033E,HONG KONG,SAVANNAH,02-12-2019 12:59,03-12-2019 16:27,40HC,N,,
24084,MOL MISSION,9475650,053E,SHANGHAI,CHARLESTON,28-11-2019 16:55,02-12-2019 05:22,40HC,N,,
24088,YM WARMTH,9704647,021E,HONG KONG,NEW YORK,23-11-2019 19:24,27-11-2019 14:26,40ST,N,,
24114,ATHOS,9406738,011E,PUSAN,NEW YORK,20-11-2019 23:24,21-11-2019 16:07,40HC,N,,
24116,MOL MOTIVATOR,9475624,049E,PUSAN,CHARLESTON,30-11-2019 17:38,02-12-2019 06:46,40ST,N,,
24124,ATHOS,9406738,011E,PUSAN,NEW YORK,20-11-2019 23:24,29-11-2019 12:48,20ST,N,,
24199,SEASPAN THAMES,9630377,013E,PUSAN,NEW YORK,25-10-2019 20:29,28-10-2019 13:27,40HC,N,,
24203,ATHOS,9406738,011E,PUSAN,NEW YORK,20-11-2019 23:24,25-11-2019 16:58,40ST,N,,
24205,ARISTOMENIS,9408841,009E,HONG KONG,LOS ANGELES,07-11-2019 14:49,11-11-2019 11:17,40ST,N,,
24368,MOL CREATION,9321237,071E,QINGDAO,LONG BEACH,14-11-2019 15:10,19-11-2019 14:47,40ST,N,,
24369,MOL CREATION,9321237,071E,QINGDAO,LONG BEACH,14-11-2019 15:10,19-11-2019 16:03,40ST,N,,
24370,MOL CREATION,9321237,071E,QINGDAO,LONG BEACH,14-11-2019 15:10,21-11-2019 13:48,40ST,N,,
24371,MOL CREATION,9321237,071E,QINGDAO,LONG BEACH,14-11-2019 15:10,19-11-2019 17:01,40ST,N,,
24372,MOL CREATION,9321237,071E,QINGDAO,LONG BEACH,14-11-2019 15:10,19-11-2019 13:47,UCU,N,,
24373,MOL CREATION,9321237,071E,QINGDAO,LONG BEACH,14-11-2019 15:10,19-11-2019 13:59,UCU,N,,
24374,MOL CREATION,9321237,071E,QINGDAO,LONG BEACH,14-11-2019 15:10,20-11-2019 18:55,UCU,N,,
24375,MOL CREATION,9321237,071E,QINGDAO,LONG BEACH,14-11-2019 15:10,19-11-2019 15:38,UCU,N,,
24452,NAGOYA EXPRESS,9450428,9143,NHAVA SHEVA,SAVANNAH,26-11-2019 07:19,03-12-2019 14:10,40RF,N,,
24668,ONE HAMBURG,9395159,063E,KOBE,OAKLAND,12-11-2019 07:09,15-11-2019 08:29,20ST,N,,
25442,NYK ORPHEUS,9313008,056E,NAGOYA,LOS ANGELES,27-10-2019 15:14,29-10-2019 14:33,40ST,N,,
25817,ONE HAMBURG,9395159,063E,NAGOYA,LOS ANGELES,06-11-2019 05:29,13-11-2019 11:12,40HC,N,,
25998,ARISTOMENIS,9408841,009E,YANTIAN,LOS ANGELES,07-11-2019 14:49,14-11-2019 08:09,40HC,N,,
26004,NORTHERN JUSTICE,9450351,010E,QINGDAO,TACOMA,20-11-2019 07:06,23-11-2019 07:31,40ST,N,,
26016,ATHOS,9406738,011E,SHANGHAI,NEW YORK,20-11-2019 23:24,27-11-2019 12:40,40HC,N,,
26042,ARISTOMENIS,9408841,009E,YANTIAN,LOS ANGELES,07-11-2019 14:49,14-11-2019 10:33,40ST,N,,
26067,NYK ARGUS,9262716,102E,PORT KLANG,LONG BEACH,22-11-2019 06:52,02-12-2019 16:40,40HC,N,,
26130,SEASPAN BRIGHTNESS,9685346,027E,HONG KONG,LOS ANGELES,15-11-2019 14:54,19-11-2019 16:11,40HC,N,,
26161,ONE HUMBER,9302140,081W,TOKYO,HAMBURG,25-11-2019 22:54,27-11-2019 02:44,20ST,N,,
26209,ONE CONTINUITY,9388352,048E,QINGDAO,TACOMA,29-11-2019 04:00,03-12-2019 09:24,40ST,N,,
26220,HARBOUR BRIDGE,9302152,079E,KOBE,OAKLAND,19-11-2019 07:18,21-11-2019 08:20,40ST,N,,
26224,BALTIC NORTH,9463310,004E,NAGOYA,TACOMA,10-11-2019 15:30,14-11-2019 11:50,40HC,N,,
26233,BALTIC NORTH,9463310,004E,NAGOYA,TACOMA,10-11-2019 15:30,13-11-2019 16:08,40ST,N,,
26241,BALTIC NORTH,9463310,004E,NAGOYA,TACOMA,10-11-2019 15:30,13-11-2019 14:15,20ST,N,,
26347,SEASPAN BRIGHTNESS,9685346,027E,YANTIAN,LOS ANGELES,15-11-2019 14:54,21-11-2019 18:04,40HC,N,,
26359,NYK ARGUS,9262716,102E,LAEM CHABANG,LONG BEACH,22-11-2019 06:52,03-12-2019 00:38,40HR,N,,
26415,CMA CGM TITUS,9450636,9144,NHAVA SHEVA,SAVANNAH,03-12-2019 11:05,06-12-2019 16:12,40RF,N,,
26462,MOL MISSION,9475650,053E,TOKYO,SAVANNAH,25-11-2019 06:20,29-11-2019 11:30,40ST,N,,
26471,MOL MISSION,9475650,053E,TOKYO,SAVANNAH,25-11-2019 06:20,29-11-2019 13:07,40ST,N,,
26473,MOL MISSION,9475650,053E,TOKYO,SAVANNAH,25-11-2019 06:20,29-11-2019 13:51,40HC,N,,
26475,SEASPAN BRIGHTNESS,9685346,027E,YANTIAN,OAKLAND,21-11-2019 05:19,26-11-2019 16:22,40HC,N,,
26504,MOL MISSION,9475650,053E,TOKYO,SAVANNAH,25-11-2019 06:20,02-12-2019 10:22,40HC,N,,
26520,MOL CREATION,9321237,071E,SHANGHAI,LONG BEACH,14-11-2019 15:10,21-11-2019 15:03,40ST,N,,
26536,MOL MISSION,9475650,053E,TOKYO,SAVANNAH,25-11-2019 06:20,27-11-2019 08:19,40HC,N,,
26544,HARBOUR BRIDGE,9302152,079E,NAGOYA,LOS ANGELES,13-11-2019 16:24,20-11-2019 10:50,40HC,N,,
26546,HARBOUR BRIDGE,9302152,079E,NAGOYA,LOS ANGELES,13-11-2019 16:24,20-11-2019 11:16,40HC,N,,
26569,MOL MISSION,9475650,053E,TOKYO,SAVANNAH,25-11-2019 06:20,26-11-2019 16:08,UCU,N,,
26581,SEASPAN BRIGHTNESS,9685346,027E,YANTIAN,LOS ANGELES,15-11-2019 14:54,20-11-2019 13:50,40HC,N,,
26583,MOL MISSION,9475650,053E,TOKYO,NORFOLK,30-11-2019 17:20,03-12-2019 06:45,40ST,N,,
26662,HARBOUR BRIDGE,9302152,079E,NAGOYA,LOS ANGELES,13-11-2019 16:24,18-11-2019 10:30,40ST,N,,
26916,COLOMBO EXPRESS,9295244,091E,SHANGHAI,LOS ANGELES,21-11-2019 13:59,25-11-2019 22:06,40ST,N,,
26947,MOL MOTIVATOR,9475624,049E,TOKYO,SAVANNAH,27-11-2019 10:09,02-12-2019 11:12,40HC,N,,
26949,MOL MOTIVATOR,9475624,049E,TOKYO,SAVANNAH,27-11-2019 10:09,02-12-2019 12:52,40HC,N,,
26951,MOL MOTIVATOR,9475624,049E,TOKYO,SAVANNAH,27-11-2019 10:09,02-12-2019 12:59,40HC,N,,
26953,MOL MOTIVATOR,9475624,049E,TOKYO,SAVANNAH,27-11-2019 10:09,02-12-2019 14:47,40HC,N,,
26955,MOL MOTIVATOR,9475624,049E,TOKYO,SAVANNAH,27-11-2019 10:09,03-12-2019 15:47,UCU,N,,
26957,MOL MOTIVATOR,9475624,049E,TOKYO,SAVANNAH,27-11-2019 10:09,03-12-2019 08:31,UCU,N,,
26959,MOL MOTIVATOR,9475624,049E,TOKYO,SAVANNAH,27-11-2019 10:09,03-12-2019 15:30,40ST,N,,
26963,MOL MOTIVATOR,9475624,049E,TOKYO,SAVANNAH,27-11-2019 10:09,03-12-2019 15:46,20ST,N,,
26965,MOL MOTIVATOR,9475624,049E,TOKYO,SAVANNAH,27-11-2019 10:09,04-12-2019 07:14,40ST,N,,
26981,NYK ARGUS,9262716,102E,LAEM CHABANG,LONG BEACH,22-11-2019 06:52,25-11-2019 16:37,40ST,N,,
27003,HANGZHOU BAY BRIDGE,9566394,034E,HONG KONG,SAVANNAH,16-12-2019 12:20,18-12-2019 13:51,20ST,N,,
27012,SEASPAN GANGES,9630365,016E,QINGDAO,SAVANNAH,27-12-2019 06:49,31-12-2019 10:01,40ST,N,,
27121,ONE HOUSTON,9566382,038E,PUSAN,CHARLESTON,15-12-2019 07:59,16-12-2019 05:40,40ST,N,,
27123,ONE HOUSTON,9566382,038E,PUSAN,CHARLESTON,15-12-2019 07:59,16-12-2019 06:14,40ST,N,,
27125,ONE HOUSTON,9566382,038E,PUSAN,CHARLESTON,15-12-2019 07:59,16-12-2019 05:55,40ST,N,,
27127,ONE HOUSTON,9566382,038E,PUSAN,CHARLESTON,15-12-2019 07:59,16-12-2019 06:15,40ST,N,,
27182,EXPRESS ROME,9484936,017E,HONG KONG,LOS ANGELES,29-11-2019 00:09,03-12-2019 00:27,20ST,N,,
27215,HENRY HUDSON BRIDGE,9302176,069E,KOBE,LOS ANGELES,21-11-2019 05:14,27-11-2019 11:48,40ST,N,,
27217,HENRY HUDSON BRIDGE,9302176,069E,KOBE,LOS ANGELES,21-11-2019 05:14,25-11-2019 16:21,40ST,N,,
27219,HENRY HUDSON BRIDGE,9302176,069E,KOBE,LOS ANGELES,21-11-2019 05:14,25-11-2019 16:29,40ST,N,,
27260,TEXAS TRADER,9295165,201E,NAGOYA,TACOMA,17-11-2019 18:34,21-11-2019 13:41,20ST,N,,
27262,TEXAS TRADER,9295165,201E,NAGOYA,TACOMA,17-11-2019 18:34,20-11-2019 09:23,40HC,N,,
27275,ONE ARCADIA,9468310,045E,HONG KONG,LOS ANGELES,23-11-2019 15:44,27-11-2019 09:39,40HC,N,,
27287,TEXAS TRADER,9295165,201E,TOKYO,TACOMA,17-11-2019 18:34,19-11-2019 14:07,20ST,N,,
27289,TEXAS TRADER,9295165,201E,TOKYO,TACOMA,17-11-2019 18:34,18-11-2019 11:22,20FR,N,,
27291,TEXAS TRADER,9295165,201E,TOKYO,TACOMA,17-11-2019 18:34,19-11-2019 10:58,40ST,N,,
27293,TEXAS TRADER,9295165,201E,TOKYO,TACOMA,17-11-2019 18:34,19-11-2019 14:00,40ST,N,,
27354,ONE ARCADIA,9468310,045E,YANTIAN,LOS ANGELES,23-11-2019 15:44,25-11-2019 15:14,40HC,N,,
27366,CHACABUCO,9295957,004W,HAMBURG,NEW YORK,29-11-2019 06:08,04-12-2019 14:39,40ST,N,,
27369,YM UTOPIA,9337456,069E,SHANGHAI,NORFOLK,13-12-2019 14:39,20-12-2019 12:57,40HC,N,,
27379,ONE ARCADIA,9468310,045E,YANTIAN,LOS ANGELES,23-11-2019 15:44,26-11-2019 08:39,40HC,N,,
27381,YM UPSURGENCE,9462720,040E,SHANGHAI,SEATTLE,26-11-2019 01:33,02-12-2019 14:53,20ST,N,,
27383,HENRY HUDSON BRIDGE,9302176,069E,NAGOYA,LOS ANGELES,21-11-2019 05:14,25-11-2019 16:47,20ST,N,,
27385,ONE ARCADIA,9468310,045E,HONG KONG,LOS ANGELES,23-11-2019 15:44,27-11-2019 10:05,40ST,N,,
27387,ONE ARCADIA,9468310,045E,YANTIAN,OAKLAND,29-11-2019 19:09,03-12-2019 10:38,40HC,N,,
27393,TEXAS TRADER,9295165,201E,TOKYO,TACOMA,17-11-2019 18:34,18-11-2019 14:26,20ST,N,,
27395,TEXAS TRADER,9295165,201E,TOKYO,TACOMA,17-11-2019 18:34,18-11-2019 10:42,20FR,N,,
27397,TEXAS TRADER,9295165,201E,TOKYO,TACOMA,17-11-2019 18:34,19-11-2019 15:33,40ST,N,,
27399,TEXAS TRADER,9295165,201E,TOKYO,TACOMA,17-11-2019 18:34,19-11-2019 16:33,40ST,N,,
27415,HENRY HUDSON BRIDGE,9302176,069E,NAGOYA,LOS ANGELES,21-11-2019 05:14,27-11-2019 17:57,20ST,N,,
27436,ONE ARCADIA,9468310,045E,YANTIAN,LOS ANGELES,23-11-2019 15:44,26-11-2019 08:27,40ST,N,,
27438,ONE ARCADIA,9468310,045E,YANTIAN,LOS ANGELES,23-11-2019 15:44,02-12-2019 09:08,40ST,N,,
27518,HENRY HUDSON BRIDGE,9302176,069E,NAGOYA,LOS ANGELES,21-11-2019 05:14,27-11-2019 13:44,20ST,N,,
27564,HENRY HUDSON BRIDGE,9302176,069E,TOKYO,LOS ANGELES,21-11-2019 05:14,25-11-2019 13:52,20ST,N,,
27570,HENRY HUDSON BRIDGE,9302176,069E,TOKYO,OAKLAND,26-11-2019 07:48,27-11-2019 10:55,40ST,N,,
27575,HENRY HUDSON BRIDGE,9302176,069E,TOKYO,LOS ANGELES,21-11-2019 05:14,25-11-2019 14:22,40HC,N,,
27583,HENRY HUDSON BRIDGE,9302176,069E,TOKYO,LOS ANGELES,21-11-2019 05:14,29-11-2019 08:26,40ST,N,,
27594,HENRY HUDSON BRIDGE,9302176,069E,TOKYO,LOS ANGELES,21-11-2019 05:14,25-11-2019 08:37,40OT,N,,
27610,HENRY HUDSON BRIDGE,9302176,069E,TOKYO,LOS ANGELES,21-11-2019 05:14,27-11-2019 11:17,40ST,N,,
27615,HENRY HUDSON BRIDGE,9302176,069E,TOKYO,LOS ANGELES,21-11-2019 05:14,25-11-2019 18:56,40ST,N,,
27632,HENRY HUDSON BRIDGE,9302176,069E,TOKYO,LOS ANGELES,21-11-2019 05:14,26-11-2019 00:47,40ST,N,,
27634,HENRY HUDSON BRIDGE,9302176,069E,TOKYO,LOS ANGELES,21-11-2019 05:14,26-11-2019 15:59,40ST,N,,
27673,MOL MAESTRO,9415727,050E,TOKYO,SAVANNAH,03-12-2019 12:49,04-12-2019 15:54,40ST,N,,
27677,MOL MAESTRO,9415727,050E,TOKYO,SAVANNAH,03-12-2019 12:49,05-12-2019 15:47,UCU,N,,
27681,HENRY HUDSON BRIDGE,9302176,069E,TOKYO,LOS ANGELES,21-11-2019 05:14,25-11-2019 14:27,40ST,N,,
27724,MOL MAESTRO,9415727,050E,TOKYO,SAVANNAH,03-12-2019 12:49,05-12-2019 14:28,20ST,N,,
27945,EXPRESS ROME,9484936,017E,HONG KONG,LOS ANGELES,29-11-2019 00:09,02-12-2019 20:08,40ST,N,,
27947,EXPRESS ROME,9484936,017E,HONG KONG,LOS ANGELES,29-11-2019 00:09,03-12-2019 00:00,20ST,N,,
27969,EXPRESS ROME,9484936,017E,HONG KONG,LOS ANGELES,29-11-2019 00:09,04-12-2019 15:39,40HC,N,,
27971,EXPRESS ROME,9484936,017E,HONG KONG,LOS ANGELES,29-11-2019 00:09,04-12-2019 10:28,40HC,N,,
27973,EXPRESS ROME,9484936,017E,HONG KONG,LOS ANGELES,29-11-2019 00:09,03-12-2019 10:14,40HC,N,,
28864,SEASPAN GANGES,9630365,016E,PUSAN,NEW YORK,15-12-2019 05:44,19-12-2019 13:49,20ST,N,,
40363,APL ANTWERP,9532795,9146,NHAVA SHEVA,SAVANNAH,18-12-2019 03:24,20-12-2019 09:16,40RF,N,,
40562,ONE HAMBURG,9395159,063E,TOKYO,OAKLAND,12-11-2019 07:09,13-11-2019 15:40,40ST,N,,
40566,NORTHERN JAMBOREE,9450363,102E,HONG KONG,SAVANNAH,01-01-2020 21:54,07-01-2020 16:44,40HC,N,,
40620,NYK VEGA,9312781,066E,TOKYO,LOS ANGELES,28-11-2019 23:06,04-12-2019 11:21,40ST,N,,
40684,ONE HAMBURG,9395159,063E,TOKYO,LOS ANGELES,06-11-2019 05:29,11-11-2019 09:07,40OT,N,,
40844,NYK VEGA,9312781,066E,TOKYO,LOS ANGELES,28-11-2019 23:06,04-12-2019 14:43,40ST,N,,
40847,NYK VEGA,9312781,066E,TOKYO,LOS ANGELES,28-11-2019 23:06,03-12-2019 14:53,40ST,N,,
40872,NYK VEGA,9312781,066E,TOKYO,OAKLAND,04-12-2019 06:48,05-12-2019 19:45,40ST,N,,
40912,HANGZHOU BAY BRIDGE,9566394,034E,SHANGHAI,SAVANNAH,16-12-2019 12:20,18-12-2019 16:37,20ST,N,,
41003,YM WORLD,9684653,024E,HONG KONG,NEW YORK,21-12-2019 06:19,27-12-2019 06:50,20ST,N,,
41006,HANGZHOU BAY BRIDGE,9566394,034E,SHANGHAI,SAVANNAH,16-12-2019 12:20,18-12-2019 13:25,20ST,N,,
41033,NYK VEGA,9312781,066E,TOKYO,LOS ANGELES,28-11-2019 23:06,03-12-2019 09:10,40OT,N,,
41035,NYK VEGA,9312781,066E,TOKYO,LOS ANGELES,28-11-2019 23:06,03-12-2019 10:01,40OT,N,,
41053,HANGZHOU BAY BRIDGE,9566394,034E,SHANGHAI,SAVANNAH,16-12-2019 12:20,18-12-2019 09:29,40HC,N,,
41093,ONE CONTRIBUTION,9629914,038E,QINGDAO,LONG BEACH,16-12-2019 06:54,19-12-2019 09:23,40ST,N,,
41095,ONE CONTRIBUTION,9629914,038E,QINGDAO,LONG BEACH,16-12-2019 06:54,19-12-2019 14:33,40ST,N,,
41097,ONE CONTRIBUTION,9629914,038E,QINGDAO,LONG BEACH,16-12-2019 06:54,18-12-2019 15:34,40ST,N,,
41099,ONE CONTRIBUTION,9629914,038E,QINGDAO,LONG BEACH,16-12-2019 06:54,19-12-2019 14:30,40ST,N,,
41139,NYK VEGA,9312781,066E,NAGOYA,LOS ANGELES,28-11-2019 23:06,04-12-2019 13:19,40HC,N,,
41149,NYK VEGA,9312781,066E,NAGOYA,LOS ANGELES,28-11-2019 23:06,05-12-2019 08:26,40HC,N,,
41161,NYK VEGA,9312781,066E,TOKYO,LOS ANGELES,28-11-2019 23:06,03-12-2019 08:49,40OT,N,,
41190,NYK VEGA,9312781,066E,TOKYO,OAKLAND,04-12-2019 06:48,04-12-2019 16:08,40HR,N,,
41230,NYK VEGA,9312781,066E,TOKYO,LOS ANGELES,28-11-2019 23:06,04-12-2019 19:17,40HC,N,,
41293,NYK VEGA,9312781,066E,TOKYO,LOS ANGELES,28-11-2019 23:06,06-12-2019 13:33,40HC,N,,
41307,NYK VEGA,9312781,066E,TOKYO,LOS ANGELES,28-11-2019 23:06,06-12-2019 15:50,40HC,N,,
41316,NYK VEGA,9312781,066E,TOKYO,LOS ANGELES,28-11-2019 23:06,04-12-2019 20:24,40ST,N,,
41319,NYK VEGA,9312781,066E,TOKYO,LOS ANGELES,28-11-2019 23:06,04-12-2019 16:25,40ST,N,,
41322,NYK VEGA,9312781,066E,TOKYO,LOS ANGELES,28-11-2019 23:06,04-12-2019 15:43,40ST,N,,
41339,NYK VEGA,9312781,066E,TOKYO,LOS ANGELES,28-11-2019 23:06,04-12-2019 19:55,20ST,N,,
41373,NYK VEGA,9312781,066E,NAGOYA,LOS ANGELES,28-11-2019 23:06,04-12-2019 16:20,40ST,N,,
61665,MONACO BRIDGE,9757204,008E,YANTIAN,NEW YORK,04-11-2019 15:59,08-11-2019 10:48,42G0,,6790,KG
61673,MONACO BRIDGE,9757204,008E,YANTIAN,NEW YORK,04-11-2019 15:59,12-11-2019 12:47,42G0,,6790,KG
61704,SEASPAN HUDSON,9630418,014E,XIAMEN,NEW YORK,15-11-2019 05:29,19-11-2019 14:05,22G0,,31008,KG
61707,SEASPAN HUDSON,9630418,014E,XIAMEN,NEW YORK,15-11-2019 05:29,19-11-2019 13:14,45G0,,31008,KG
61709,SEASPAN HUDSON,9630418,014E,XIAMEN,NEW YORK,15-11-2019 05:29,20-11-2019 08:09,45G0,,31008,KG
61711,SEASPAN HUDSON,9630418,014E,XIAMEN,NEW YORK,15-11-2019 05:29,20-11-2019 11:23,45G0,,31008,KG
62156,YM UNIFORM,9337482,209E,YANTIAN,NEW YORK,29-11-2019 18:39,02-12-2019 11:13,45G0,,6220,KG
62160,YM UNIFORM,9337482,209E,YANTIAN,NEW YORK,29-11-2019 18:39,03-12-2019 11:15,45G0,,6220,KG
62203,YM WORLD,9684653,024E,YANTIAN,NEW YORK,21-12-2019 06:19,26-12-2019 14:43,40HC,,10700,KG
62206,YM WORLD,9684653,024E,YANTIAN,NEW YORK,21-12-2019 06:19,27-12-2019 09:19,40HC,,10700,KG
62209,YM WORLD,9684653,024E,YANTIAN,NEW YORK,21-12-2019 06:19,30-12-2019 06:39,40HC,,10700,KG
80973,TSINGTAO EXPRESS,9320702,068E,YANTIAN,TACOMA,20-10-2019 04:34,24-10-2019 11:08,45G0,,,
80975,TSINGTAO EXPRESS,9320702,068E,YANTIAN,TACOMA,20-10-2019 04:34,24-10-2019 11:08,45G0,,,
81983,MEISHAN BRIDGE,9805465,007E,YANTIAN,NEW YORK,08-10-2019 07:48,15-10-2019 11:16,42G0,,13000,KG
81988,MEISHAN BRIDGE,9805465,007E,YANTIAN,NEW YORK,08-10-2019 07:48,10-10-2019 11:37,42G0,,13000,KG
81992,MEISHAN BRIDGE,9805465,007E,YANTIAN,NEW YORK,08-10-2019 07:48,11-10-2019 10:49,42G0,,13000,KG
81995,MEISHAN BRIDGE,9805465,007E,YANTIAN,NEW YORK,08-10-2019 07:48,11-10-2019 10:36,42G0,,13000,KG
123775,YM UNIFORM,9337482,209E,YANTIAN,NEW YORK,29-11-2019 18:39,05-12-2019 07:32,40HC,,20049,KG
123781,YM UNIFORM,9337482,209E,YANTIAN,NEW YORK,29-11-2019 18:39,04-12-2019 07:37,40HC,,20049,KG
123785,YM UNIFORM,9337482,209E,YANTIAN,NEW YORK,29-11-2019 18:39,04-12-2019 07:43,40HC,,20049,KG
123788,YM UNIFORM,9337482,209E,YANTIAN,NEW YORK,29-11-2019 18:39,05-12-2019 06:53,40HC,,20049,KG
123792,YM UNIFORM,9337482,209E,YANTIAN,NEW YORK,29-11-2019 18:39,05-12-2019 07:16,40HC,,20049,KG
123797,YM UNIFORM,9337482,209E,YANTIAN,NEW YORK,29-11-2019 18:39,05-12-2019 07:12,40HC,,20049,KG
127744,YM UNICORN,9462732,041E,YANTIAN,LOS ANGELES,05-12-2019 14:49,09-12-2019 11:30,40HC,,7070,KG
130251,ONE IBIS,9741384,018E,YANTIAN,NEW YORK,22-01-2020 21:24,29-01-2020 15:09,40HC,,8121,KG
130251,ONE IBIS,9741384,018E,YANTIAN,NEW YORK,22-01-2020 21:24,29-01-2020 16:00,40HC,,8121,KG
130253,ONE IBIS,9741384,018E,YANTIAN,NEW YORK,22-01-2020 21:24,27-01-2020 09:00,40HC,,8121,KG
130256,ONE IBIS,9741384,018E,YANTIAN,NEW YORK,22-01-2020 21:24,28-01-2020 14:40,40HC,,8121,KG
130689,ANTWERPEN EXPRESS,9612997,033E,YANTIAN,NEW YORK,06-12-2019 17:24,12-12-2019 16:31,40HC,,7337,KG
130725,ONE IBIS,9741384,018E,YANTIAN,NEW YORK,22-01-2020 21:24,27-01-2020 15:11,40HC,,14170,KG
130729,ONE IBIS,9741384,018E,YANTIAN,NEW YORK,22-01-2020 21:24,27-01-2020 07:17,40HC,,14170,KG
130755,ONE IBIS,9741384,018E,YANTIAN,NEW YORK,22-01-2020 21:24,27-01-2020 08:48,40HC,,4140,KG
130755,ONE IBIS,9741384,018E,YANTIAN,NEW YORK,22-01-2020 21:24,27-01-2020 10:00,40HC,,4140,KG
132276,ONE APUS,9806079,003E,YANTIAN,NEW YORK,13-12-2019 10:18,18-12-2019 10:51,40HC,,6360,KG
132281,ONE APUS,9806079,003E,YANTIAN,NEW YORK,13-12-2019 10:18,18-12-2019 13:44,40HC,,6360,KG
132287,YM WORLD,9684653,024E,YANTIAN,NEW YORK,21-12-2019 06:19,27-12-2019 07:01,40HC,,10780,KG
134081,ONE IBIS,9741384,018E,YANTIAN,NEW YORK,22-01-2020 21:24,28-01-2020 07:21,40HC,,11670,KG
134082,ONE IBIS,9741384,018E,YANTIAN,NEW YORK,22-01-2020 21:24,27-01-2020 08:58,40HC,,11670,KG
134087,ONE IBIS,9741384,018E,YANTIAN,NEW YORK,22-01-2020 21:24,28-01-2020 07:10,40HC,,11670,KG
134280,NYK ADONIS,9468293,051E,YANTIAN,LOS ANGELES,15-12-2019 06:20,17-12-2019 07:40,40HC,,4060,KG
134418,YM WORLD,9684653,024E,YANTIAN,NEW YORK,21-12-2019 06:19,26-12-2019 12:53,40HC,,4648,KG
134542,ONE ARCADIA,9468310,045E,YANTIAN,LOS ANGELES,23-11-2019 15:44,03-12-2019 09:55,40HC,,3280,KG
134618,ONE ARCADIA,9468310,045E,YANTIAN,LOS ANGELES,23-11-2019 15:44,26-11-2019 11:43,40HC,,3910,KG
134618,ONE ARCADIA,9468310,045E,YANTIAN,LOS ANGELES,23-11-2019 15:44,26-11-2019 08:00,40HC,,3910,KG
134706,SEASPAN BRIGHTNESS,9685346,027E,YANTIAN,LOS ANGELES,15-11-2019 14:54,20-11-2019 10:58,40HC,,9920,KG
134708,SEASPAN BRIGHTNESS,9685346,027E,YANTIAN,LOS ANGELES,15-11-2019 14:54,20-11-2019 10:58,40HC,,9920,KG
134718,YM UNIFORM,9337482,209E,YANTIAN,NEW YORK,29-11-2019 18:39,02-12-2019 12:25,40HC,,9425,KG
134756,YM WARMTH,9704647,021E,YANTIAN,NEW YORK,23-11-2019 19:24,26-11-2019 07:51,40HC,,3299,KG
134822,YM WARMTH,9704647,021E,YANTIAN,NEW YORK,23-11-2019 19:24,27-11-2019 09:15,20ST,,3108,KG
134822,YM WARMTH,9704647,021E,YANTIAN,NEW YORK,23-11-2019 19:24,27-11-2019 11:43,20ST,,3108,KG
135047,SEASPAN HUDSON,9630418,014E,YANTIAN,NEW YORK,15-11-2019 05:29,21-11-2019 14:43,40ST,,3290,KG
137100,NYK SWAN,9741437,011E,YANTIAN,NEW YORK,31-12-2019 07:42,07-01-2020 07:52,40HC,,10550,KG
137106,NYK SWAN,9741437,011E,YANTIAN,NEW YORK,31-12-2019 07:42,07-01-2020 09:58,40HC,,10550,KG
137112,NYK SWAN,9741437,011E,YANTIAN,NEW YORK,31-12-2019 07:42,07-01-2020 07:03,40HC,,10550,KG
137895,MONACO BRIDGE,9757204,009E,YANTIAN,NEW YORK,01-02-2020 03:32,06-02-2020 08:26,40HC,,14509,KG
137899,MONACO BRIDGE,9757204,009E,YANTIAN,NEW YORK,01-02-2020 03:32,06-02-2020 11:05,40HC,,14509,KG
137903,MONACO BRIDGE,9757204,009E,YANTIAN,NEW YORK,01-02-2020 03:32,06-02-2020 08:06,40HC,,14509,KG
137906,MONACO BRIDGE,9757204,009E,YANTIAN,NEW YORK,01-02-2020 03:32,05-02-2020 08:45,40HC,,14509,KG
137957,ONE APUS,9806079,003E,YANTIAN,NEW YORK,13-12-2019 10:18,18-12-2019 11:08,40HC,,12650,KG
137963,ONE APUS,9806079,003E,YANTIAN,NEW YORK,13-12-2019 10:18,18-12-2019 07:00,40HC,,12650,KG
137965,MONACO BRIDGE,9757204,009E,YANTIAN,NEW YORK,01-02-2020 03:32,05-02-2020 12:18,40HC,,4849,KG
138092,YM UBERTY,9337444,075E,YANTIAN,LOS ANGELES,27-12-2019 04:54,03-01-2020 09:30,40HC,,16529,KG
138098,YM UBERTY,9337444,075E,YANTIAN,LOS ANGELES,27-12-2019 04:54,07-01-2020 15:44,40HC,,16529,KG
139914,MEISHAN BRIDGE,9805465,008E,YANTIAN,NEW YORK,07-01-2020 00:49,13-01-2020 15:19,40HC,,13852,KG
139920,MEISHAN BRIDGE,9805465,008E,YANTIAN,NEW YORK,07-01-2020 00:49,13-01-2020 07:41,40HC,,13852,KG
139928,MEISHAN BRIDGE,9805465,008E,YANTIAN,NEW YORK,07-01-2020 00:49,14-01-2020 09:52,40HC,,13852,KG
139937,MEISHAN BRIDGE,9805465,008E,YANTIAN,NEW YORK,07-01-2020 00:49,13-01-2020 15:37,40HC,,13852,KG
140354,ARISTOMENIS,9408841,011E,YANTIAN,LOS ANGELES,30-01-2020 14:59,05-02-2020 07:50,40HC,,12934,KG
140354,ARISTOMENIS,9408841,011E,YANTIAN,LOS ANGELES,30-01-2020 14:59,05-02-2020 08:00,40HC,,12934,KG
140357,ARISTOMENIS,9408841,011E,YANTIAN,LOS ANGELES,30-01-2020 14:59,04-02-2020 14:00,40HC,,12934,KG
142982,SEASPAN THAMES,9630377,014E,SHANGHAI,NEW YORK,06-01-2020 19:24,13-01-2020 09:49,20ST,,11546,KG
142986,SEASPAN THAMES,9630377,014E,SHANGHAI,NEW YORK,06-01-2020 19:24,13-01-2020 15:36,40ST,,11546,KG
143409,NYK SWAN,9741437,011E,YANTIAN,NEW YORK,31-12-2019 07:42,07-01-2020 08:12,40HC,,7780,KG
145219,UNAYZAH,9525871,016E,YANTIAN,NEW YORK,25-01-2020 04:49,29-01-2020 09:10,40HC,,4301,KG
145255,NYK ADONIS,9468293,052E,YANTIAN,LOS ANGELES,25-01-2020 15:59,28-01-2020 09:36,40HC,,15036,KG
145259,NYK ADONIS,9468293,052E,YANTIAN,LOS ANGELES,25-01-2020 15:59,28-01-2020 08:07,40HC,,15036,KG
145263,NYK ADONIS,9468293,052E,YANTIAN,LOS ANGELES,25-01-2020 15:59,28-01-2020 11:03,40HC,,15036,KG
145531,EXPRESS ROME,9484936,018E,YANTIAN,NEW YORK,28-02-2020 06:49,03-03-2020 09:56,40HC,,6250,KG
145539,MEISHAN BRIDGE,9805465,008E,YANTIAN,NEW YORK,07-01-2020 00:49,14-01-2020 07:17,40HC,,6470,KG
145543,MEISHAN BRIDGE,9805465,008E,YANTIAN,NEW YORK,07-01-2020 00:49,13-01-2020 15:04,40HC,,6470,KG
150286,MEISHAN BRIDGE,9805465,008E,YANTIAN,NEW YORK,07-01-2020 00:49,13-01-2020 13:40,40HC,,9880,KG
150290,MEISHAN BRIDGE,9805465,008E,YANTIAN,NEW YORK,07-01-2020 00:49,13-01-2020 09:28,40HC,,9880,KG
150294,MEISHAN BRIDGE,9805465,008E,YANTIAN,NEW YORK,07-01-2020 00:49,13-01-2020 10:59,40HC,,9880,KG
150307,NYK FALCON,9741425,013E,YANTIAN,NEW YORK,12-01-2020 04:42,21-01-2020 11:57,40HC,,13161,KG
150311,NYK FALCON,9741425,013E,YANTIAN,NEW YORK,12-01-2020 04:42,16-01-2020 15:10,40HC,,13161,KG
150317,NYK FALCON,9741425,013E,YANTIAN,NEW YORK,12-01-2020 04:42,16-01-2020 08:00,40HC,,13161,KG
150321,NYK FALCON,9741425,013E,YANTIAN,NEW YORK,12-01-2020 04:42,16-01-2020 06:45,40HC,,13161,KG
150325,NYK FALCON,9741425,013E,YANTIAN,NEW YORK,12-01-2020 04:42,16-01-2020 11:18,40HC,,9820,KG
150329,NYK FALCON,9741425,013E,YANTIAN,NEW YORK,12-01-2020 04:42,16-01-2020 07:33,40HC,,9820,KG
150333,NYK FALCON,9741425,013E,YANTIAN,NEW YORK,12-01-2020 04:42,16-01-2020 12:34,40HC,,9820,KG
150352,MONACO BRIDGE,9757204,009E,YANTIAN,NEW YORK,01-02-2020 03:32,06-02-2020 07:07,40HC,,10497,KG
150354,MONACO BRIDGE,9757204,009E,YANTIAN,NEW YORK,01-02-2020 03:32,05-02-2020 07:30,40HC,,10497,KG
150354,MONACO BRIDGE,9757204,009E,YANTIAN,NEW YORK,01-02-2020 03:32,05-02-2020 08:38,40HC,,10497,KG
150440,NYK FALCON,9741425,013E,YANTIAN,NEW YORK,12-01-2020 04:42,16-01-2020 07:25,40HC,,6608,KG
150444,NYK FALCON,9741425,013E,YANTIAN,NEW YORK,12-01-2020 04:42,16-01-2020 16:03,40HC,,6608,KG
150465,MONACO BRIDGE,9757204,009E,YANTIAN,NEW YORK,01-02-2020 03:32,03-02-2020 18:10,40HC,,14680,KG
150469,MONACO BRIDGE,9757204,009E,YANTIAN,NEW YORK,01-02-2020 03:32,05-02-2020 11:24,40HC,,14680,KG
150473,MONACO BRIDGE,9757204,009E,YANTIAN,NEW YORK,01-02-2020 03:32,05-02-2020 10:00,40HC,,,
150478,MONACO BRIDGE,9757204,009E,YANTIAN,NEW YORK,01-02-2020 03:32,05-02-2020 09:30,40HC,,14680,KG
152004,YM WARMTH,9704647,022E,YANTIAN,NEW YORK,16-02-2020 04:15,19-02-2020 13:55,40HC,,13790,KG
152008,YM WARMTH,9704647,022E,YANTIAN,NEW YORK,16-02-2020 04:15,19-02-2020 12:28,40HC,,13790,KG
154127,ONE IBIS,9741384,018E,YANTIAN,NEW YORK,22-01-2020 21:24,27-01-2020 07:14,40HC,,14970,KG
154133,ONE IBIS,9741384,018E,YANTIAN,NEW YORK,22-01-2020 21:24,27-01-2020 09:00,40HC,,14970,KG
154253,SEASPAN ZAMBEZI,9630406,017E,SHANGHAI,NEW YORK,13-11-2019 16:59,18-11-2019 13:06,40ST,,7355,KG
154255,SEASPAN ZAMBEZI,9630406,017E,SHANGHAI,NEW YORK,13-11-2019 16:59,18-11-2019 10:48,20ST,,7355,KG
154275,YM MASCULINITY,9485007,061E,YANTIAN,LOS ANGELES,17-12-2019 04:59,20-12-2019 10:53,40HC,,4130,KG
154309,SEASPAN BRILLIANCE,9685334,035E,NINGBO,NEW YORK,28-12-2019 11:59,06-01-2020 15:00,LCL7,,125,KG
154313,SEASPAN ZAMBEZI,9630406,017E,NINGBO,NEW YORK,13-11-2019 16:59,20-11-2019 09:00,20ST,,650,KG
154315,SEASPAN BREEZE,9685358,031E,NINGBO,NEW YORK,09-01-2020 09:30,14-01-2020 15:00,20ST,,260,KG
154319,SEASPAN GANGES,9630365,016E,NINGBO,NEW YORK,15-12-2019 05:44,23-12-2019 08:00,LCL7,,152,KG
154469,SEASPAN THAMES,9630377,014E,NINGBO,NEW YORK,06-01-2020 19:24,10-01-2020 15:00,LCL7,,280,KG
154863,UNAYZAH,9525871,016E,YANTIAN,NEW YORK,25-01-2020 04:49,29-01-2020 09:32,40HC,,3028,KG
154863,UNAYZAH,9525871,016E,YANTIAN,NEW YORK,25-01-2020 04:49,29-01-2020 15:00,40HC,,3028,KG
154865,UNAYZAH,9525871,016E,YANTIAN,NEW YORK,25-01-2020 04:49,30-01-2020 09:15,40HC,,7330,KG
154867,UNAYZAH,9525871,016E,YANTIAN,NEW YORK,25-01-2020 04:49,29-01-2020 09:32,40HC,,7330,KG
154869,UNAYZAH,9525871,16E,YANTIAN,NEW YORK,25-01-2020 04:49,30-01-2020 14:16,40HC,,13440,KG
154873,UNAYZAH,9525871,16E,YANTIAN,NEW YORK,25-01-2020 04:49,30-01-2020 07:27,40HC,,13440,KG
154878,UNAYZAH,9525871,16E,YANTIAN,NEW YORK,25-01-2020 04:49,29-01-2020 07:42,40HC,,13440,KG
156171,SEASPAN ZAMBEZI,9630406,018E,SHANGHAI,NEW YORK,29-01-2020 07:29,03-02-2020 15:24,40HC,,9572,KG
156174,SEASPAN ZAMBEZI,9630406,018E,SHANGHAI,NEW YORK,29-01-2020 07:29,03-02-2020 08:27,40HC,,9572,KG
156176,SEASPAN ZAMBEZI,9630406,018E,SHANGHAI,NEW YORK,29-01-2020 07:29,04-02-2020 11:26,40HC,,9572,KG
159475,NYK FALCON,9741425,013E,YANTIAN,NEW YORK,12-01-2020 04:42,16-01-2020 16:36,40HC,,13820,KG
159481,NYK FALCON,9741425,013E,YANTIAN,NEW YORK,12-01-2020 04:42,16-01-2020 09:00,40HC,,13820,KG
159497,NYK FALCON,9741425,013E,YANTIAN,NEW YORK,12-01-2020 04:42,16-01-2020 07:05,40HC,,13820,KG
159866,NAVIOS CONSTELLATION,9408877,009E,SHANGHAI,NEW YORK,30-01-2020 15:49,06-02-2020 10:02,20ST,,8784,KG
159867,NAVIOS CONSTELLATION,9408877,009E,SHANGHAI,NEW YORK,30-01-2020 15:49,05-02-2020 12:55,40HC,,8784,KG
159928,MONACO BRIDGE,9757204,009E,YANTIAN,NEW YORK,01-02-2020 03:32,06-02-2020 08:53,40HC,,7290,KG
160053,MONACO BRIDGE,9757204,009E,YANTIAN,NEW YORK,01-02-2020 03:32,06-02-2020 08:48,40HC,,15130,KG
160065,MONACO BRIDGE,9757204,009E,YANTIAN,NEW YORK,01-02-2020 03:32,06-02-2020 08:04,40HC,,15130,KG
160077,MONACO BRIDGE,9757204,009E,YANTIAN,NEW YORK,01-02-2020 03:32,06-02-2020 08:55,40HC,,15130,KG
160656,ANTWERPEN EXPRESS,9612997,034E,YANTIAN,NEW YORK,23-02-2020 09:35,25-02-2020 11:46,40HC,,14230,KG
163015,ANTWERPEN EXPRESS,9612997,034E,YANTIAN,NEW YORK,23-02-2020 09:35,26-02-2020 09:12,40HC,,6870,KG
163017,ANTWERPEN EXPRESS,9612997,034E,YANTIAN,NEW YORK,23-02-2020 09:35,26-02-2020 09:56,40HC,,6870,KG
163019,ANTWERPEN EXPRESS,9612997,034E,YANTIAN,NEW YORK,23-02-2020 09:35,26-02-2020 09:13,40HC,,3063,KG
163021,ANTWERPEN EXPRESS,9612997,034E,YANTIAN,NEW YORK,23-02-2020 09:35,26-02-2020 09:38,40HC,,6018,KG
164186,NYK SWAN,9741437,012E,YANTIAN,SAVANNAH,06-04-2020 05:39,13-04-2020 12:29,40HC,,15820,KG
164190,NYK SWAN,9741437,012E,YANTIAN,SAVANNAH,06-04-2020 05:39,13-04-2020 12:29,40HC,,15820,KG
164192,NYK SWAN,9741437,012E,YANTIAN,SAVANNAH,06-04-2020 05:39,13-04-2020 12:29,40HC,,15820,KG
164677,YM WARMTH,9704647,022E,YANTIAN,NEW YORK,16-02-2020 04:15,21-02-2020 11:03,40HC,,18550,KG
165128,MOL CREATION,9321237,073E,NINGBO,OAKLAND,16-02-2020 17:04,18-02-2020 00:00,40HC,,,
165182,YM UNIFORM,9337482,210E,KAOHSIUNG,NEW YORK,14-03-2020 07:59,18-03-2020 00:00,20ST,,,
166575,MEISHAN BRIDGE,9805465,009E,YANTIAN,SAVANNAH,09-04-2020 21:24,16-04-2020 16:00,40HC,,13270,KG
166577,MEISHAN BRIDGE,9805465,009E,YANTIAN,SAVANNAH,09-04-2020 21:24,16-04-2020 11:53,40HC,,13270,KG
167639,CONTI ANNAPURNA,9286255,004E,SHANGHAI,SAVANNAH,02-04-2020 17:30,09-04-2020 15:45,40ST,,8524,KG
167810,YM UNANIMITY,9462718,047E,XIAMEN,LOS ANGELES,28-03-2020 05:14,01-04-2020 07:43,40HC,,34558,KG
167834,MEISHAN BRIDGE,9805465,009E,KAOHSIUNG,SAVANNAH,09-04-2020 21:24,14-04-2020 00:00,20ST,,,
167838,MEISHAN BRIDGE,9805465,009E,KAOHSIUNG,CHARLESTON,12-04-2020 03:24,13-04-2020 00:00,20ST,,,
167854,NYK ADONIS,9468293,053E,KAOHSIUNG,LOS ANGELES,13-03-2020 06:54,19-03-2020 19:24,40ST,,19401,KG
168507,SEASPAN HUDSON,9630418,016E,CAI MEP,NEW YORK,26-03-2020 06:29,31-03-2020 11:05,40ST,,36581,KG
168609,NYK FALCON,9741425,014E,YANTIAN,SAVANNAH,20-04-2020 17:54,23-04-2020 08:00,40HC,,32520,KG
168611,NYK FALCON,9741425,014E,YANTIAN,SAVANNAH,20-04-2020 17:54,23-04-2020 08:00,40HC,,32520,KG
168617,NYK FALCON,9741425,014E,YANTIAN,SAVANNAH,20-04-2020 17:54,23-04-2020 08:00,40HC,,32520,KG
168621,NYK FALCON,9741425,014E,YANTIAN,SAVANNAH,20-04-2020 17:54,23-04-2020 08:00,40HC,,32520,KG
171148,UNAYZAH,9525871,017E,YANTIAN,SAVANNAH,23-04-2020 19:24,28-04-2020 07:29,40HC,,24020,KG
172421,UNAYZAH,9525871,017E,KAOHSIUNG,CHARLESTON,26-04-2020 10:04,27-04-2020 00:00,20ST,,,
174889,MONACO BRIDGE,9757204,010E,YANTIAN,SAVANNAH,02-05-2020 15:09,05-05-2020 12:29,40HC,,13210,KG
174897,NYK SWAN,9741437,012E,KAOHSIUNG,NEW YORK,31-03-2020 15:54,02-04-2020 12:36,20ST,,,
178160,MONACO BRIDGE,9757204,010E,KAOHSIUNG,CHARLESTON,05-05-2020 14:48,07-05-2020 00:00,40ST,,,
178165,YM WIDTH,9708447,018E,YANTIAN,SAVANNAH,06-05-2020 10:09,08-05-2020 06:57,40HC,,21300,KG
178167,YM WIDTH,9708447,018E,YANTIAN,SAVANNAH,06-05-2020 10:09,08-05-2020 08:35,40HC,,21300,KG
178171,YM WIDTH,9708447,018E,YANTIAN,SAVANNAH,06-05-2020 10:09,08-05-2020 07:13,40HC,,21300,KG
180232,SOFIA EXPRESS,9450404,057E,YANTIAN,TACOMA,13-01-2020 06:06,21-01-2020 09:44,40ST,,,
180240,CONTI ANNAPURNA,9286255,002E,YANTIAN,TACOMA,27-10-2019 09:36,31-10-2019 10:01,20ST,,,
180732,YM WIDTH,9708447,018E,CAI MEP,NEW YORK,01-05-2020 17:34,05-05-2020 14:00,20ST,,,
182225,YM WARMTH,9704647,023E,YANTIAN,SAVANNAH,20-05-2020 17:40,27-05-2020 13:52,40HC,,15524,KG
182892,AL QIBLA,9525924,017E,YANTIAN,SAVANNAH,14-05-2020 14:49,20-05-2020 09:19,40HC,,18860,KG
184200,AL QIBLA,9525924,017E,KAOHSIUNG,NEW YORK,07-05-2020 17:09,11-05-2020 00:00,40ST,,,
184202,YM WIDTH,9708447,018E,KAOHSIUNG,NEW YORK,01-05-2020 17:34,06-05-2020 00:00,20ST,,,
185230,ONE MINATO,9805477,009E,KAOHSIUNG,NEW YORK,21-05-2020 22:14,22-05-2020 12:12,40ST,,,
185693,NYK TRITON,9356713,079E,CAI MEP,LONG BEACH,09-04-2020 17:30,15-04-2020 13:25,40ST,,,
193192,SEASPAN OSPREY,9786736,101E,KAOHSIUNG,SAVANNAH,10-06-2020 12:54,11-06-2020 10:21,40ST,,,
195710,HYUNDAI PRIDE,9637260,035E,YANTIAN,SAVANNAH,03-06-2020 17:29,08-06-2020 12:15,40HC,,3923,KG
201361,HMM PROMISE,9742168,014W,VANCOUVER,HONG KONG,08-06-2020 16:30,11-06-2020 15:50,40ST,,,
204002,HYUNDAI PRIDE,9637260,035E,YANTIAN,NEW YORK,28-05-2020 20:55,04-06-2020 09:34,40ST,,,
204616,KUALA LUMPUR EXPRESS,9343730,082E,PUSAN,LOS ANGELES,28-05-2020 05:14,29-05-2020 17:05,20ST,,,
204749,FRANKFURT EXPRESS,9450442,063E,PUSAN,TACOMA,25-05-2020 12:49,28-05-2020 11:29,20ST,,,
204894,ONE HARBOUR,9302152,082E,PUSAN,LOS ANGELES,12-06-2020 15:42,17-06-2020 20:38,20ST,,,
207818,YM MUTUALITY,9455870,075E,XIAMEN,LOS ANGELES,27-05-2020 04:55,01-06-2020 14:07,40HC,,7972,KG
207838,MOL CELEBRATION,9321251,077E,SHANGHAI,SAVANNAH,19-06-2020 09:50,01-07-2020 09:53,40ST,,8277,KG
209491,SEASPAN OSPREY,9786736,101E,YANTIAN,SAVANNAH,10-06-2020 12:54,16-06-2020 11:04,40HC,,3479,KG
218011,HYUNDAI PRIDE,9637260,035E,VUNG TAU,NEW YORK,28-05-2020 20:55,01-06-2020 16:00,20ST,,,
218754,YM UTILITY,9337470,067E,KAOHSIUNG,NEW YORK,25-06-2020 20:44,29-06-2020 00:00,40ST,,,
221527,CONTI ANNAPURNA,9286255,005E,SHANGHAI,SAVANNAH,22-06-2020 10:48,06-07-2020 09:10,40ST,,6967,KG
226608,HENRY HUDSON BRIDGE,9302176,071E,XIAMEN,LOS ANGELES,17-06-2020 16:00,25-06-2020 01:17,40HC,,26578,KG
228837,MOL CELEBRATION,9321251,077E,SHANGHAI,SAVANNAH,19-06-2020 09:50,01-07-2020 12:30,40ST,,8277,KG
231153,NYK SWAN,9741437,013E,YANTIAN,LONG BEACH,10-06-2020 16:54,12-06-2020 07:47,40HC,,7560,KG
232803,SEASPAN OSPREY,9786736,101E,HONG KONG,NEW YORK,05-06-2020 17:00,08-06-2020 11:32,20ST,,,
232813,ONE CONTRIBUTION,9629914,042E,PIPAVAV,OAKLAND,12-06-2020 07:50,17-06-2020 20:18,20ST,,,
237676,YM UTILITY,9337470,067E,KAOHSIUNG,NEW YORK,25-06-2020 20:44,29-06-2020 00:00,40ST,,,
237677,YM UTILITY,9337470,067E,KAOHSIUNG,NEW YORK,25-06-2020 20:44,29-06-2020 00:00,40ST,,,
242702,HENRY HUDSON BRIDGE,9302176,071E,XIAMEN,LOS ANGELES,17-06-2020 16:00,25-06-2020 14:56,40HC,,26578,KG
242704,HENRY HUDSON BRIDGE,9302176,071E,XIAMEN,LOS ANGELES,17-06-2020 16:00,25-06-2020 02:00,40HC,,26578,KG
244563,YM UNANIMITY,9462718,049E,XIAMEN,LOS ANGELES,10-06-2020 04:39,11-06-2020 14:10,40HC,,15011,KG
245570,PALENA,9306196,015W,SCHIEDAM,NEW YORK,09-06-2020 17:40,09-06-2020 21:26,40HC,,,
248233,YM UNANIMITY,9462718,049E,KAOHSIUNG,LOS ANGELES,10-06-2020 04:39,16-06-2020 20:55,40ST,,,
249692,NYK SWAN,9741437,013E,YANTIAN,LONG BEACH,10-06-2020 16:54,12-06-2020 07:24,40HC,,7560,KG
256119,UNAYZAH,9525871,018E,KAOHSIUNG,NEW YORK,28-07-2020 16:50,03-08-2020 19:23,40ST,N,,
256554,ONE CYGNUS,9806081,005E,HONG KONG,OAKLAND,24-06-2020 02:44,29-06-2020 17:13,20ST,N,,
263812,CONTI CONQUEST,9293818,008E,CAI MEP,VANCOUVER,22-06-2020 11:48,01-07-2020 00:28,40HC,N,,
271858,UNAYZAH,9525871,018E,HONG KONG,NEW YORK,28-07-2020 16:50,30-07-2020 18:44,20ST,N,,
273077,SEASPAN THAMES,9630377,015W,VANCOUVER,HONG KONG,06-07-2020 10:12,09-07-2020 15:15,40ST,N,,
274717,ONE COSMOS,9388340,075W,VANCOUVER,SHANGHAI,15-07-2020 21:30,17-07-2020 12:13,40ST,N,,
275021,PRAGUE EXPRESS,9450399,062W,VANCOUVER,HONG KONG,13-07-2020 03:30,17-07-2020 10:14,40ST,N,,
275208,HYUNDAI BRAVE,9346304,087W,VANCOUVER,SHANGHAI,30-06-2020 07:00,01-07-2020 14:40,40ST,N,,
275219,HYUNDAI BRAVE,9346304,087W,VANCOUVER,SHANGHAI,30-06-2020 07:00,03-07-2020 19:53,40ST,N,,
275220,HYUNDAI BRAVE,9346304,087W,VANCOUVER,SHANGHAI,30-06-2020 07:00,03-07-2020 18:11,40ST,N,,
275221,HYUNDAI BRAVE,9346304,087W,VANCOUVER,SHANGHAI,30-06-2020 07:00,08-07-2020 14:26,40ST,N,,
275222,HYUNDAI BRAVE,9346304,087W,VANCOUVER,SHANGHAI,30-06-2020 07:00,08-07-2020 14:28,40ST,N,,
275223,PRAGUE EXPRESS,9450399,062W,VANCOUVER,YANTIAN,14-07-2020 08:20,15-07-2020 17:50,40ST,N,,
285691,HMM PROMISE,9742168,015W,VANCOUVER,HONG KONG,02-08-2020 13:00,05-08-2020 08:42,40ST,N,,
285700,HMM PROMISE,9742168,015W,VANCOUVER,SHANGHAI,08-08-2020 03:30,14-08-2020 00:33,40ST,N,,
285767,HMM PROMISE,9742168,015W,VANCOUVER,SHANGHAI,08-08-2020 03:30,12-08-2020 06:10,40ST,N,,
285831,NAVIOS UNISON,9408853,001E,YANTIAN,VANCOUVER,15-07-2020 05:44,22-07-2020 19:57,45HC,N,,
286027,NYK THEMIS,9356696,067E,KAOHSIUNG,TACOMA,13-07-2020 05:42,15-07-2020 11:12,20ST,N,,
286747,HYUNDAI HONOUR,9473731,022E,PUSAN,NEW YORK,12-07-2020 04:09,15-07-2020 06:42,LCL,,,
288011,ONE AQUILA,9806043,010E,CAI MEP,LONG BEACH,30-06-2020 15:45,14-07-2020 13:51,40ST,N,,
288012,ONE AQUILA,9806043,010E,CAI MEP,LONG BEACH,30-06-2020 15:45,14-07-2020 14:14,40ST,N,,
288013,ONE AQUILA,9806043,010E,CAI MEP,LONG BEACH,30-06-2020 15:45,14-07-2020 11:24,40ST,N,,
288202,YM WIDTH,9708447,019E,KAOHSIUNG,NEW YORK,30-07-2020 19:49,06-08-2020 17:42,40ST,N,,
291552,HYUNDAI HONOUR,9473731,022E,PUSAN,CHARLESTON,21-07-2020 18:04,22-07-2020 14:55,20ST,,,
295697,HMM PROMISE,9742168,014W,VANCOUVER,SHANGHAI,27-05-2020 02:00,15-06-2020 07:15,40ST,,,
295699,HMM PROMISE,9742168,014W,VANCOUVER,SHANGHAI,27-05-2020 02:00,12-06-2020 06:13,40ST,,,
295700,HMM PROMISE,9742168,014W,VANCOUVER,SHANGHAI,27-05-2020 02:00,13-06-2020 07:22,40ST,,,
297279,FRANKFURT EXPRESS,9450442,064W,VANCOUVER,SHANGHAI,28-07-2020 07:00,03-08-2020 18:02,40ST,N,,
298806,HMM PROMISE,9742168,015W,VANCOUVER,SHANGHAI,08-08-2020 03:30,15-08-2020 00:44,40ST,N,,
299377,SEASPAN GANGES,9630365,018W,VANCOUVER,SHANGHAI,26-08-2020 16:10,28-08-2020 15:13,40ST,N,,
299388,SEASPAN GANGES,9630365,018W,VANCOUVER,SHANGHAI,26-08-2020 16:10,31-08-2020 08:30,40ST,N,,
300125,KUALA LUMPUR EXPRESS,9343730,083E,NINGBO,OAKLAND,17-07-2020 04:54,24-07-2020 15:37,40HC,N,,
302819,UNAYZAH,9525871,018E,YANTIAN,NEW YORK,28-07-2020 16:50,31-07-2020 14:35,20ST,N,,
302832,HYUNDAI AMBITION,9475703,025E,PUSAN,CHARLESTON,01-08-2020 23:00,03-08-2020 07:45,20ST,N,,
302834,HYUNDAI AMBITION,9475703,025E,PUSAN,CHARLESTON,01-08-2020 23:00,03-08-2020 08:21,20ST,N,,
302835,HYUNDAI AMBITION,9475703,025E,PUSAN,CHARLESTON,01-08-2020 23:00,04-08-2020 09:16,20ST,N,,
302836,HYUNDAI AMBITION,9475703,025E,PUSAN,CHARLESTON,01-08-2020 23:00,04-08-2020 09:15,20ST,N,,
303336,NYK THEMIS,9356696,067E,KAOHSIUNG,TACOMA,13-07-2020 05:42,15-07-2020 11:12,20ST,N,,
303415,HYUNDAI HONOUR,9473731,022E,PUSAN,CHARLESTON,21-07-2020 18:04,22-07-2020 15:30,20ST,,,
305668,FRANKFURT EXPRESS,9450442,064W,VANCOUVER,SHANGHAI,28-07-2020 07:00,03-08-2020 18:20,40ST,N,,
305779,PRAGUE EXPRESS,9450399,063W,VANCOUVER,SHANGHAI,04-09-2020 17:15,10-09-2020 07:00,40ST,N,,
305829,SEASPAN THAMES,9630377,016W,VANCOUVER,SHANGHAI,07-09-2020 01:00,08-09-2020 05:48,40ST,N,,
305872,SEASPAN THAMES,9630377,016W,VANCOUVER,SHANGHAI,07-09-2020 01:00,08-09-2020 07:46,40ST,N,,
305873,SEASPAN THAMES,9630377,016W,VANCOUVER,SHANGHAI,07-09-2020 01:00,08-09-2020 09:30,40ST,N,,
306267,MOL MISSION,9475650,056E,MUNDRA,JACKSONVILLE,19-08-2020 13:15,21-08-2020 09:20,40HC,N,,
306717,SEASPAN HARRIER,9793923,002E,SHANGHAI,NEW YORK,25-07-2020 08:48,29-07-2020 15:58,20ST,N,,
306754,PRAGUE EXPRESS,9450399,063W,VANCOUVER,SHANGHAI,04-09-2020 17:15,09-09-2020 19:01,40ST,N,,
308104,YM MUTUALITY,9455870,076E,KEELUNG,LOS ANGELES,08-07-2020 03:49,14-07-2020 01:03,20ST,N,,
308106,YM MUTUALITY,9455870,076E,KEELUNG,LOS ANGELES,08-07-2020 03:49,14-07-2020 13:31,40ST,N,,
309913,UNAYZAH,9525871,018E,CAI MEP,NEW YORK,28-07-2020 16:50,06-08-2020 17:28,40ST,N,,
312387,AL QIBLA,9525924,018E,CAI MEP,NEW YORK,06-08-2020 19:25,13-08-2020 16:33,40ST,N,,
317634,HYUNDAI HOPE,9637234,040E,SHANGHAI,NEW YORK,01-08-2020 16:04,06-08-2020 16:19,40ST,N,,
317641,HYUNDAI HOPE,9637234,040E,SHANGHAI,NEW YORK,01-08-2020 16:04,06-08-2020 16:19,40ST,N,,
321803,HYUNDAI HOPE,9637234,040E,SHANGHAI,NEW YORK,01-08-2020 16:04,06-08-2020 20:55,40HC,N,,
321838,AL QIBLA,9525924,018E,HONG KONG,NEW YORK,06-08-2020 19:25,12-08-2020 00:00,LCL,N,,
322086,PRAGUE EXPRESS,9450399,063W,VANCOUVER,SHANGHAI,04-09-2020 17:15,08-09-2020 08:03,40ST,N,,
322091,ONE COSMOS,9388340,076W,VANCOUVER,SHANGHAI,01-09-2020 01:30,02-09-2020 21:30,40ST,N,,
322092,SEASPAN YANGTZE,9630389,011W,VANCOUVER,SHANGHAI,12-09-2020 21:30,14-09-2020 21:26,40ST,N,,
327350,SEASPAN GANGES,9630365,018W,VANCOUVER,SHANGHAI,26-08-2020 16:10,31-08-2020 08:35,40ST,N,,
333166,KUALA LUMPUR EXPRESS,9343730,084E,NINGBO,LOS ANGELES,23-08-2020 04:11,31-08-2020 16:37,40HC,N,,
334679,FRANKFURT EXPRESS,9450442,065W,VANCOUVER,SHANGHAI,01-10-2020 01:00,11-10-2020 13:47,40ST,N,,
334680,ONE COSMOS,9388340,076W,VANCOUVER,SHANGHAI,01-09-2020 01:30,02-09-2020 21:29,40ST,N,,
337957,YM WARMTH,9704647,024E,HONG KONG,NEW YORK,19-08-2020 10:49,24-08-2020 11:51,20ST,N,,
339979,ONE CRANE,9741401,017E,HONG KONG,OAKLAND,28-07-2020 14:00,30-07-2020 16:12,20ST,N,,
341224,SEASPAN YANGTZE,9630389,011W,VANCOUVER,SHANGHAI,12-09-2020 21:30,16-09-2020 03:52,40HC,N,,
341225,SEASPAN YANGTZE,9630389,011W,VANCOUVER,SHANGHAI,12-09-2020 21:30,16-09-2020 03:38,40ST,N,,
341226,SEASPAN YANGTZE,9630389,011W,VANCOUVER,SHANGHAI,12-09-2020 21:30,15-09-2020 07:24,40ST,N,,
341227,FRANKFURT EXPRESS,9450442,065W,VANCOUVER,SHANGHAI,01-10-2020 01:00,10-10-2020 13:54,40ST,N,,
342552,EXPRESS ATHENS,9484948,0126E,MUNDRA,NEW YORK,23-07-2020 17:19,27-07-2020 14:24,20ST,N,,
354830,SEASPAN THAMES,9630377,016W,VANCOUVER,SHANGHAI,07-09-2020 01:00,08-09-2020 05:53,40ST,N,,
355215,SEASPAN THAMES,9630377,016W,VANCOUVER,SHANGHAI,07-09-2020 01:00,08-09-2020 09:54,40ST,N,,
355322,SEASPAN GANGES,9630365,018W,VANCOUVER,SHANGHAI,26-08-2020 16:10,29-08-2020 00:27,40ST,N,,
355325,SEASPAN GANGES,9630365,018W,VANCOUVER,SHANGHAI,26-08-2020 16:10,29-08-2020 02:10,40ST,N,,
356160,SEASPAN YANGTZE,9630389,011W,VANCOUVER,SHANGHAI,12-09-2020 21:30,16-09-2020 00:16,40ST,N,,
356167,FRANKFURT EXPRESS,9450442,065W,VANCOUVER,SHANGHAI,01-10-2020 01:00,11-10-2020 02:54,40HC,N,,
356169,FRANKFURT EXPRESS,9450442,065W,VANCOUVER,SHANGHAI,01-10-2020 01:00,10-10-2020 08:23,40ST,N,,
356170,FRANKFURT EXPRESS,9450442,065W,VANCOUVER,SHANGHAI,01-10-2020 01:00,11-10-2020 22:32,40HC,N,,
356171,FRANKFURT EXPRESS,9450442,065W,VANCOUVER,SHANGHAI,01-10-2020 01:00,23-10-2020 22:55,40HC,N,,
356955,HANOVER EXPRESS,9343716,091E,NINGBO,OAKLAND,13-08-2020 12:59,26-08-2020 11:03,40HC,N,,
356958,HANOVER EXPRESS,9343716,091E,NINGBO,OAKLAND,13-08-2020 12:59,20-08-2020 13:24,40HC,N,,
356965,HANOVER EXPRESS,9343716,091E,NINGBO,OAKLAND,13-08-2020 12:59,21-08-2020 11:18,40HC,N,,
356967,HANOVER EXPRESS,9343716,091E,NINGBO,OAKLAND,13-08-2020 12:59,27-08-2020 09:06,40HC,N,,
363964,PRAGUE EXPRESS,9450399,063W,VANCOUVER,SHANGHAI,04-09-2020 17:15,09-09-2020 17:55,40ST,N,,
371462,UNAYZAH,9525871,018E,YANTIAN,NEW YORK,28-07-2020 16:50,31-07-2020 09:27,40ST,N,,
371889,ONE COSMOS,9388340,076W,VANCOUVER,SHANGHAI,01-09-2020 01:30,02-09-2020 19:58,40ST,N,,
374318,HYUNDAI FAITH,9347554,089W,VANCOUVER,SHANGHAI,10-08-2020 17:30,13-08-2020 03:26,40ST,N,,
374319,HYUNDAI FAITH,9347554,089W,VANCOUVER,SHANGHAI,10-08-2020 17:30,13-08-2020 00:45,40ST,N,,
374320,HYUNDAI FAITH,9347554,089W,VANCOUVER,SHANGHAI,10-08-2020 17:30,13-08-2020 20:09,40ST,N,,
375853,NAVIOS CONSTELLATION,9408877,011E,YANTIAN,VANCOUVER,16-08-2020 00:09,26-08-2020 08:49,40ST,N,,
376790,SEASPAN YANGTZE,9630389,011W,VANCOUVER,SHANGHAI,12-09-2020 21:30,15-09-2020 03:39,40ST,N,,
378224,SEASPAN YANGTZE,9630389,011W,VANCOUVER,SHANGHAI,12-09-2020 21:30,16-09-2020 01:54,40ST,N,,
378658,SEASPAN YANGTZE,9630389,011W,VANCOUVER,SHANGHAI,12-09-2020 21:30,15-09-2020 05:37,40ST,N,,
380416,SEASPAN YANGTZE,9630389,011W,VANCOUVER,SHANGHAI,12-09-2020 21:30,16-09-2020 04:22,40ST,N,,
380634,SEASPAN BRILLIANCE,9685334,039E,HAI PHONG,VANCOUVER,28-07-2020 01:18,02-08-2020 10:44,40HC,N,,
381356,SEASPAN YANGTZE,9630389,011W,VANCOUVER,SHANGHAI,12-09-2020 21:30,16-09-2020 00:43,40HC,N,,
382697,KUALA LUMPUR EXPRESS,9343730,084E,NINGBO,LOS ANGELES,23-08-2020 04:11,02-09-2020 16:35,40HC,N,,
382703,KUALA LUMPUR EXPRESS,9343730,084E,NINGBO,LOS ANGELES,23-08-2020 04:11,26-08-2020 01:31,40HC,N,,
382707,KUALA LUMPUR EXPRESS,9343730,084E,NINGBO,LOS ANGELES,23-08-2020 04:11,26-08-2020 01:10,40HC,N,,
382711,KUALA LUMPUR EXPRESS,9343730,084E,NINGBO,LOS ANGELES,23-08-2020 04:11,01-09-2020 19:50,40HC,N,,
383077,NAGOYA EXPRESS,9450428,060W,VANCOUVER,SHANGHAI,03-10-2020 14:30,05-10-2020 09:38,40ST,N,,
383092,HMM PROMISE,9742168,016W,VANCOUVER,SHANGHAI,28-09-2020 13:10,01-10-2020 21:55,40ST,N,,
383259,NAGOYA EXPRESS,9450428,060W,VANCOUVER,SHANGHAI,03-10-2020 14:30,13-10-2020 22:30,40ST,N,,
383439,YM WARMTH,9704647,024E,SURABAYA,NEW YORK,19-08-2020 10:49,21-08-2020 07:51,20ST,N,,
386198,FRANKFURT EXPRESS,9450442,065W,VANCOUVER,SHANGHAI,01-10-2020 01:00,13-10-2020 13:50,40HC,N,,
386203,FRANKFURT EXPRESS,9450442,065W,VANCOUVER,SHANGHAI,01-10-2020 01:00,13-10-2020 01:06,40HC,N,,
386204,FRANKFURT EXPRESS,9450442,065W,VANCOUVER,SHANGHAI,01-10-2020 01:00,10-10-2020 20:03,40ST,N,,
386205,FRANKFURT EXPRESS,9450442,065W,VANCOUVER,SHANGHAI,01-10-2020 01:00,12-10-2020 09:22,40ST,N,,
386206,FRANKFURT EXPRESS,9450442,065W,VANCOUVER,SHANGHAI,01-10-2020 01:00,12-10-2020 19:46,40ST,N,,
387691,YM MODERATION,9664897,051W,VANCOUVER,SHANGHAI,27-09-2020 08:30,23-10-2020 18:00,40ST,N,,
389852,HYUNDAI DREAM,9637222,039E,KAOHSIUNG,WILMINGTON,26-09-2020 03:21,01-10-2020 14:16,20ST,N,,
389853,HYUNDAI DREAM,9637222,039E,KAOHSIUNG,WILMINGTON,26-09-2020 03:21,01-10-2020 15:14,20ST,N,,
389854,MEISHAN BRIDGE,9805465,011E,KAOHSIUNG,NEW YORK,06-10-2020 20:42,07-10-2020 15:00,20ST,N,,
389855,MADRID BRIDGE,9805453,011E,KAOHSIUNG,CHARLESTON,06-10-2020 08:59,07-10-2020 10:52,20ST,N,,
389883,YM WIND,9708461,015E,KAOHSIUNG,NEW YORK,02-10-2020 11:44,02-10-2020 11:24,20ST,N,,
394881,FRANKFURT EXPRESS,9450442,065W,VANCOUVER,SHANGHAI,01-10-2020 01:00,11-10-2020 08:39,40ST,N,,
395906,YM UNANIMITY,9462718,051E,XIAMEN,LOS ANGELES,02-09-2020 17:44,16-09-2020 02:49,40HC,N,,
396958,FRANKFURT EXPRESS,9450442,065W,VANCOUVER,SHANGHAI,01-10-2020 01:00,10-10-2020 02:15,40ST,N,,
397515,ONE HONOLULU,9588079,209E,KAOHSIUNG,SAVANNAH,16-09-2020 07:45,18-09-2020 11:44,20ST,N,,
401226,FRANKFURT EXPRESS,9450442,065W,VANCOUVER,SHANGHAI,01-10-2020 01:00,14-10-2020 12:47,40HC,N,,
408645,HMM PROMISE,9742168,016W,VANCOUVER,SHANGHAI,28-09-2020 13:10,19-10-2020 23:44,40ST,N,,
412817,YM MOBILITY,9457737,051E,KAOHSIUNG,OAKLAND,31-08-2020 06:44,03-09-2020 19:44,40ST,N,,
415112,NAGOYA EXPRESS,9450428,060W,VANCOUVER,SHANGHAI,03-10-2020 14:30,04-10-2020 22:41,40ST,N,,
417914,YM WITNESS,9704609,027E,KAOHSIUNG,NEW YORK,13-09-2020 06:20,21-09-2020 17:22,40ST,N,,
421505,NAGOYA EXPRESS,9450428,060W,VANCOUVER,SHANGHAI,03-10-2020 14:30,13-10-2020 20:15,40ST,N,,
421506,YM MODERATION,9664897,051W,VANCOUVER,SHANGHAI,27-09-2020 08:30,28-09-2020 00:21,40ST,N,,
421515,NAGOYA EXPRESS,9450428,060W,VANCOUVER,SHANGHAI,03-10-2020 14:30,11-10-2020 09:46,40ST,N,,
421523,YM MODERATION,9664897,051W,VANCOUVER,SHANGHAI,27-09-2020 08:30,21-10-2020 18:46,40ST,N,,
421524,NAGOYA EXPRESS,9450428,060W,VANCOUVER,SHANGHAI,03-10-2020 14:30,10-10-2020 08:32,40ST,N,,
423856,FRANKFURT EXPRESS,9450442,065W,VANCOUVER,SHANGHAI,01-10-2020 01:00,12-10-2020 18:07,40HC,N,,
423882,FRANKFURT EXPRESS,9450442,065W,VANCOUVER,SHANGHAI,01-10-2020 01:00,13-10-2020 01:08,40HC,N,,
425646,HYUNDAI BRAVE,9346304,089W,VANCOUVER,SHANGHAI,09-10-2020 04:00,16-10-2020 05:52,40ST,N,,
426031,NAGOYA EXPRESS,9450428,060W,VANCOUVER,SHANGHAI,03-10-2020 14:30,11-10-2020 20:22,40ST,N,,
426194,HYUNDAI BRAVE,9346304,089W,VANCOUVER,SHANGHAI,09-10-2020 04:00,17-10-2020 22:20,40ST,N,,
426198,HYUNDAI TOKYO,9305673,126W,VANCOUVER,SHANGHAI,20-10-2020 04:40,22-10-2020 13:15,40ST,N,,
426200,HYUNDAI TOKYO,9305673,126W,VANCOUVER,SHANGHAI,20-10-2020 04:40,24-10-2020 18:39,40ST,N,,
426212,HYUNDAI BRAVE,9346304,089W,VANCOUVER,SHANGHAI,09-10-2020 04:00,18-10-2020 17:52,40ST,N,,
426213,HYUNDAI BRAVE,9346304,089W,VANCOUVER,SHANGHAI,09-10-2020 04:00,14-10-2020 02:47,40ST,N,,
426236,HYUNDAI BRAVE,9346304,089W,VANCOUVER,SHANGHAI,09-10-2020 04:00,14-10-2020 01:31,40ST,N,,
426238,HYUNDAI BRAVE,9346304,089W,VANCOUVER,SHANGHAI,09-10-2020 04:00,16-10-2020 00:43,40ST,N,,
426278,HYUNDAI BRAVE,9346304,089W,VANCOUVER,SHANGHAI,09-10-2020 04:00,17-10-2020 12:26,40ST,N,,
426282,HYUNDAI BRAVE,9346304,089W,VANCOUVER,SHANGHAI,09-10-2020 04:00,17-10-2020 12:39,40ST,N,,
426297,SEASPAN THAMES,9630377,017W,VANCOUVER,SHANGHAI,28-10-2020 14:35,30-10-2020 06:23,40ST,N,,
426322,HYUNDAI TOKYO,9305673,126W,VANCOUVER,SHANGHAI,20-10-2020 04:40,22-10-2020 23:53,40ST,N,,
426364,HYUNDAI TOKYO,9305673,126W,VANCOUVER,SHANGHAI,20-10-2020 04:40,23-10-2020 01:59,40ST,N,,
426383,HYUNDAI TOKYO,9305673,126W,VANCOUVER,SHANGHAI,20-10-2020 04:40,22-10-2020 19:13,40ST,N,,
426385,HYUNDAI TOKYO,9305673,126W,VANCOUVER,SHANGHAI,20-10-2020 04:40,23-10-2020 01:20,40ST,N,,
432448,FRANKFURT EXPRESS,9450442,065W,VANCOUVER,SHANGHAI,01-10-2020 01:00,11-10-2020 00:25,40ST,N,,
432792,YM MODERATION,9664897,051W,VANCOUVER,SHANGHAI,27-09-2020 08:30,23-10-2020 18:00,40ST,N,,
434792,FRANKFURT EXPRESS,9450442,065W,VANCOUVER,SHANGHAI,01-10-2020 01:00,12-10-2020 01:17,40ST,N,,
434882,FRANKFURT EXPRESS,9450442,065W,VANCOUVER,SHANGHAI,01-10-2020 01:00,09-10-2020 11:51,40ST,N,,
437260,YM MODERATION,9664897,051W,VANCOUVER,SHANGHAI,27-09-2020 08:30,28-09-2020 02:31,40ST,N,,
437446,YM WIND,9708461,015E,KAOHSIUNG,NEW YORK,02-10-2020 11:44,03-10-2020 01:00,45HC,N,,
439349,MOL MANEUVER,9475648,053E,COLOMBO,NEW YORK,09-10-2020 06:40,14-10-2020 18:14,40HC,N,,
440525,NAGOYA EXPRESS,9450428,060W,VANCOUVER,SHANGHAI,03-10-2020 14:30,10-10-2020 06:47,40ST,N,,
441526,YM UPWARD,9337468,068E,PIPAVAV,OAKLAND,08-10-2020 07:09,12-10-2020 11:03,20ST,N,,
441988,MOL COURAGE,9321263,136,MUHAMMAD BIN QASIM,NEW YORK,06-10-2020 17:20,08-10-2020 00:00,LCL,N,,
444746,HYUNDAI BRAVE,9346304,089W,VANCOUVER,SHANGHAI,09-10-2020 04:00,16-10-2020 02:06,40ST,N,,
446592,HYUNDAI BRAVE,9346304,089W,VANCOUVER,SHANGHAI,09-10-2020 04:00,17-10-2020 21:29,40ST,N,,
449497,HYUNDAI TOKYO,9305673,126W,VANCOUVER,SHANGHAI,20-10-2020 04:40,25-10-2020 15:58,40ST,N,,
453023,HYUNDAI AMBITION,9475703,026E,SHANGHAI,SAVANNAH,21-10-2020 00:59,21-10-2020 13:11,20ST,N,,
453025,HYUNDAI AMBITION,9475703,026E,SHANGHAI,SAVANNAH,21-10-2020 00:59,23-10-2020 11:24,40ST,N,,
454419,SEASPAN THAMES,9630377,017W,VANCOUVER,SHANGHAI,28-10-2020 14:35,30-10-2020 06:09,40ST,N,,
454427,SEASPAN THAMES,9630377,017W,VANCOUVER,SHANGHAI,28-10-2020 14:35,30-10-2020 06:05,40ST,N,,
454429,SEASPAN THAMES,9630377,017W,VANCOUVER,SHANGHAI,28-10-2020 14:35,30-10-2020 06:43,40ST,N,,
454447,SEASPAN THAMES,9630377,017W,VANCOUVER,SHANGHAI,28-10-2020 14:35,04-11-2020 05:39,40ST,N,,
454451,SEASPAN THAMES,9630377,017W,VANCOUVER,SHANGHAI,28-10-2020 14:35,04-11-2020 08:04,40ST,N,,
454481,SEASPAN THAMES,9630377,017W,VANCOUVER,SHANGHAI,28-10-2020 14:35,30-10-2020 01:39,40ST,N,,
454483,SEASPAN THAMES,9630377,017W,VANCOUVER,SHANGHAI,28-10-2020 14:35,29-10-2020 20:15,40ST,N,,
454523,HENRY HUDSON BRIDGE,9302176,072E,SURABAYA,OAKLAND,08-10-2020 18:59,13-10-2020 20:14,20ST,N,,
462011,YM MUTUALITY,9455870,078E,XIAMEN,LOS ANGELES,01-10-2020 07:04,08-10-2020 20:05,40HC,N,,
471985,ARISTOMENIS,9408841,132,KARACHI,NEW YORK,04-09-2020 17:54,05-09-2020 00:00,LCL,N,,
474914,SOFIA EXPRESS,9450404,061W,VANCOUVER,SHANGHAI,04-11-2020 08:50,07-11-2020 17:42,40ST,N,,
474915,SOFIA EXPRESS,9450404,061W,VANCOUVER,SHANGHAI,04-11-2020 08:50,07-11-2020 20:14,40ST,N,,
474940,SOFIA EXPRESS,9450404,061W,VANCOUVER,SHANGHAI,04-11-2020 08:50,09-11-2020 08:22,40ST,N,,
474941,SOFIA EXPRESS,9450404,061W,VANCOUVER,SHANGHAI,04-11-2020 08:50,09-11-2020 05:54,40ST,N,,
474942,SOFIA EXPRESS,9450404,061W,VANCOUVER,SHANGHAI,04-11-2020 08:50,05-11-2020 02:20,40ST,N,,
474943,SOFIA EXPRESS,9450404,061W,VANCOUVER,SHANGHAI,04-11-2020 08:50,04-11-2020 21:04,40ST,N,,
474946,SOFIA EXPRESS,9450404,061W,VANCOUVER,SHANGHAI,04-11-2020 08:50,05-11-2020 00:27,40ST,N,,
474948,SOFIA EXPRESS,9450404,061W,VANCOUVER,SHANGHAI,04-11-2020 08:50,05-11-2020 21:46,40ST,N,,
484101,AL QIBLA,9525924,019E,HONG KONG,NEW YORK,30-10-2020 16:44,06-11-2020 06:20,20ST,N,,
484149,ONE CYGNUS,9806081,006E,HONG KONG,OAKLAND,15-11-2020 11:40,17-11-2020 22:01,20ST,N,,
494808,HYUNDAI VICTORY,9637258,039E,SHANGHAI,NORFOLK,22-11-2020 20:40,25-11-2020 06:41,20ST,N,,
497577,HYUNDAI SPEED,9475698,026E,SHANGHAI,NORFOLK,15-11-2020 06:23,16-11-2020 15:32,40ST,N,,
497947,NAVIOS CONSTELLATION,9408877,012W,VANCOUVER,SHANGHAI,13-11-2020 23:40,18-11-2020 01:39,40ST,N,,
497950,NAVIOS CONSTELLATION,9408877,012W,VANCOUVER,SHANGHAI,13-11-2020 23:40,17-11-2020 20:12,40ST,N,,
497959,NAVIOS CONSTELLATION,9408877,012W,VANCOUVER,SHANGHAI,13-11-2020 23:40,18-11-2020 04:07,40ST,N,,
497960,NAVIOS CONSTELLATION,9408877,012W,VANCOUVER,SHANGHAI,13-11-2020 23:40,18-11-2020 00:35,40ST,N,,
497972,NAVIOS CONSTELLATION,9408877,012W,VANCOUVER,SHANGHAI,13-11-2020 23:40,16-11-2020 16:22,40ST,N,,
497974,NAVIOS CONSTELLATION,9408877,012W,VANCOUVER,SHANGHAI,13-11-2020 23:40,18-11-2020 23:56,40ST,N,,
497976,NAVIOS CONSTELLATION,9408877,012W,VANCOUVER,SHANGHAI,13-11-2020 23:40,18-11-2020 14:49,40ST,N,,
497977,NAVIOS CONSTELLATION,9408877,012W,VANCOUVER,SHANGHAI,13-11-2020 23:40,16-11-2020 16:17,40ST,N,,
497988,NAVIOS CONSTELLATION,9408877,012W,VANCOUVER,SHANGHAI,13-11-2020 23:40,17-11-2020 19:36,40ST,N,,
497989,NAVIOS CONSTELLATION,9408877,012W,VANCOUVER,SHANGHAI,13-11-2020 23:40,18-11-2020 01:04,40ST,N,,
498008,NAVIOS CONSTELLATION,9408877,012W,VANCOUVER,SHANGHAI,13-11-2020 23:40,18-11-2020 21:40,40ST,N,,
498009,NAVIOS CONSTELLATION,9408877,012W,VANCOUVER,SHANGHAI,13-11-2020 23:40,18-11-2020 21:47,40ST,N,,
501595,HMM BLESSING,9742170,012E,SHANGHAI,MANZANILLO,23-11-2020 04:49,28-11-2020 09:21,40HC,N,,
502663,SOFIA EXPRESS,9450404,061W,VANCOUVER,SHANGHAI,04-11-2020 08:50,04-11-2020 23:43,40ST,N,,
502664,SOFIA EXPRESS,9450404,061W,VANCOUVER,SHANGHAI,04-11-2020 08:50,06-11-2020 00:35,40ST,N,,
502676,SOFIA EXPRESS,9450404,061W,VANCOUVER,SHANGHAI,04-11-2020 08:50,07-11-2020 19:13,40ST,N,,
502678,SOFIA EXPRESS,9450404,061W,VANCOUVER,SHANGHAI,04-11-2020 08:50,07-11-2020 21:56,40ST,N,,
504186,HYUNDAI RESPECT,9475674,023E,SHANGHAI,NORFOLK,02-12-2020 06:05,08-12-2020 07:19,40HC,N,26957,KG
505660,VALUE,9628166,2043E,PUSAN,MANZANILLO,22-11-2020 07:40,24-11-2020 17:58,40HC,N,,
506218,YM TRIUMPH,9860908,002E,YANTIAN,VANCOUVER,01-11-2020 21:54,09-11-2020 03:21,40HC,N,,
510086,KYOTO EXPRESS,9295256,088E,CAI MEP,NEW YORK,11-11-2020 05:54,16-11-2020 10:39,20ST,N,,
512222,HMM PROMISE,9742168,017W,VANCOUVER,SHANGHAI,22-11-2020 13:05,25-11-2020 17:55,40ST,N,,
512223,HMM PROMISE,9742168,017W,VANCOUVER,SHANGHAI,22-11-2020 13:05,25-11-2020 18:42,40ST,N,,
513394,YM MOBILITY,9457737,053E,XIAMEN,LOS ANGELES,23-11-2020 07:09,09-12-2020 01:04,40HC,N,,
519721,YM UNANIMITY,9462718,052E,KAOHSIUNG,OAKLAND,23-10-2020 16:14,26-10-2020 16:35,40ST,N,,
523636,ONE CONTRIBUTION,9629914,044E,TUTICORIN,OAKLAND,10-12-2020 06:20,15-12-2020 17:14,40HC,N,,
527717,ONE COSMOS,9388340,077W,VANCOUVER,SHANGHAI,17-11-2020 21:35,26-11-2020 22:02,40ST,N,,
527785,YM TOTALITY,9860922,001W,VANCOUVER,SHANGHAI,26-11-2020 22:50,28-11-2020 04:36,40ST,N,,
527786,YM TOTALITY,9860922,001W,VANCOUVER,SHANGHAI,26-11-2020 22:50,28-11-2020 02:49,40ST,N,,
528015,ONE COSMOS,9388340,077W,VANCOUVER,SHANGHAI,17-11-2020 21:35,19-11-2020 16:40,40ST,N,,
528016,ONE COSMOS,9388340,077W,VANCOUVER,SHANGHAI,17-11-2020 21:35,20-11-2020 07:12,40ST,N,,
528095,ONE COSMOS,9388340,077W,VANCOUVER,SHANGHAI,17-11-2020 21:35,27-11-2020 21:12,40ST,N,,
528146,YM TOTALITY,9860922,001W,VANCOUVER,SHANGHAI,26-11-2020 22:50,28-11-2020 17:39,40ST,N,,
528147,YM TOTALITY,9860922,001W,VANCOUVER,SHANGHAI,26-11-2020 22:50,29-11-2020 10:40,40ST,N,,
528168,YM TOTALITY,9860922,001W,VANCOUVER,SHANGHAI,26-11-2020 22:50,29-11-2020 17:03,40ST,N,,
528169,YM TOTALITY,9860922,001W,VANCOUVER,SHANGHAI,26-11-2020 22:50,28-11-2020 15:47,40ST,N,,
529796,YM TRIUMPH,9860908,002E,YANTIAN,VANCOUVER,01-11-2020 21:54,09-11-2020 03:21,40HC,N,,
530776,NYK VIRGO,9312810,068E,SURABAYA,OAKLAND,23-11-2020 07:44,30-11-2020 20:04,20ST,N,,
534896,YM TOTALITY,9860922,001W,VANCOUVER,SHANGHAI,26-11-2020 22:50,08-12-2020 02:42,40ST,N,,
537207,SEASPAN THAMES,9630377,017W,VANCOUVER,SHANGHAI,28-10-2020 14:35,01-11-2020 01:08,40ST,N,,
537550,CONTI CRYSTAL,9293820,118E,SHANGHAI,SAVANNAH,11-11-2020 16:54,13-11-2020 15:39,20ST,N,,
538201,ONE ARCADIA,9468310,053E,NINGBO,LOS ANGELES,15-11-2020 18:18,25-11-2020 13:05,40HC,N,,
538235,SAN DIEGO BRIDGE,9560376,047E,KAOHSIUNG,TACOMA,17-11-2020 06:12,25-11-2020 14:16,40ST,N,,
541191,CMA CGM MEDEA,9299800,142,MUNDRA,SAVANNAH,22-11-2020 03:04,27-11-2020 16:32,40HC,N,,
542699,CONTI CONQUEST,9293818,011E,KAOHSIUNG,JACKSONVILLE,04-12-2020 23:36,10-12-2020 08:51,20ST,N,,
544404,HYUNDAI BRAVE,9346304,090W,VANCOUVER,SHANGHAI,04-12-2020 18:50,12-12-2020 09:12,40ST,N,,
544428,NAGOYA EXPRESS,9450428,061W,VANCOUVER,SHANGHAI,27-11-2020 14:45,01-12-2020 05:25,40ST,N,,
544429,NAGOYA EXPRESS,9450428,061W,VANCOUVER,SHANGHAI,27-11-2020 14:45,01-12-2020 04:15,40ST,N,,
544455,NAGOYA EXPRESS,9450428,061W,VANCOUVER,SHANGHAI,27-11-2020 14:45,30-11-2020 22:25,40ST,N,,
544456,NAGOYA EXPRESS,9450428,061W,VANCOUVER,SHANGHAI,27-11-2020 14:45,30-11-2020 22:00,40ST,N,,
544465,NAGOYA EXPRESS,9450428,061W,VANCOUVER,SHANGHAI,27-11-2020 14:45,01-12-2020 00:24,40ST,N,,
544490,HYUNDAI BRAVE,9346304,090W,VANCOUVER,SHANGHAI,04-12-2020 18:50,07-12-2020 15:56,40ST,N,,
544491,HYUNDAI BRAVE,9346304,090W,VANCOUVER,SHANGHAI,04-12-2020 18:50,09-12-2020 23:37,40ST,N,,
545954,ONE ARCADIA,9468310,053E,NINGBO,LOS ANGELES,15-11-2020 18:18,27-11-2020 18:22,40HC,N,,
545957,ONE ARCADIA,9468310,053E,NINGBO,LOS ANGELES,15-11-2020 18:18,25-11-2020 18:10,40HC,N,,
545960,ONE ARCADIA,9468310,053E,NINGBO,LOS ANGELES,15-11-2020 18:18,27-11-2020 18:27,40HC,N,,
546305,HMM BLESSING,9742170,012E,SHANGHAI,MANZANILLO,23-11-2020 04:49,28-11-2020 09:21,40HC,N,,
546307,HMM BLESSING,9742170,012E,SHANGHAI,MANZANILLO,23-11-2020 04:49,28-11-2020 09:21,40HC,N,,
548124,HMM BLESSING,9742170,012E,PUSAN,MANZANILLO,23-11-2020 04:49,25-11-2020 10:19,LCL,N,,
549226,SEASPAN ADONIS,9468293,059E,NINGBO,OAKLAND,17-12-2020 13:09,20-01-2021 13:10,40HC,N,9608,KG
549273,KUALA LUMPUR EXPRESS,9343730,087E,NINGBO,OAKLAND,31-01-2021 13:54,05-02-2021 13:46,40HC,N,6960,KG
549621,HYUNDAI RESPECT,9475674,023E,SHANGHAI,NORFOLK,02-12-2020 06:05,08-12-2020 10:22,20ST,N,26957,KG
551200,HYUNDAI BRAVE,9346304,090W,VANCOUVER,SHANGHAI,04-12-2020 18:50,12-12-2020 23:15,40ST,N,,
551201,HYUNDAI BRAVE,9346304,090W,VANCOUVER,SHANGHAI,04-12-2020 18:50,12-12-2020 22:28,40ST,N,,
551218,HYUNDAI BRAVE,9346304,090W,VANCOUVER,SHANGHAI,04-12-2020 18:50,13-12-2020 18:31,40ST,N,,
551220,HYUNDAI BRAVE,9346304,090W,VANCOUVER,SHANGHAI,04-12-2020 18:50,14-12-2020 01:50,40ST,N,,
551237,HYUNDAI BRAVE,9346304,090W,VANCOUVER,SHANGHAI,04-12-2020 18:50,07-12-2020 11:48,40ST,N,,
551250,HYUNDAI BRAVE,9346304,090W,VANCOUVER,SHANGHAI,04-12-2020 18:50,12-12-2020 18:55,40ST,N,,
551251,HYUNDAI BRAVE,9346304,090W,VANCOUVER,SHANGHAI,04-12-2020 18:50,12-12-2020 17:57,40ST,N,,
551261,SEASPAN THAMES,9630377,018W,VANCOUVER,SHANGHAI,17-12-2020 03:15,19-12-2020 02:03,40ST,N,,
551262,SEASPAN THAMES,9630377,018W,VANCOUVER,SHANGHAI,17-12-2020 03:15,19-12-2020 01:43,40ST,N,,
551296,SEASPAN THAMES,9630377,018W,VANCOUVER,SHANGHAI,17-12-2020 03:15,18-12-2020 15:37,40ST,N,,
551297,SEASPAN THAMES,9630377,018W,VANCOUVER,SHANGHAI,17-12-2020 03:15,19-12-2020 00:29,40ST,N,,
551811,MOL MODERN,9475636,054E,SHANGHAI,SAVANNAH,10-12-2020 04:25,10-12-2020 11:13,40HC,N,,
551813,MOL MODERN,9475636,054E,SHANGHAI,SAVANNAH,10-12-2020 04:25,10-12-2020 11:13,40HC,N,,
551815,MOL MODERN,9475636,054E,SHANGHAI,SAVANNAH,10-12-2020 04:25,10-12-2020 11:13,20ST,N,,
551922,ATHOS,9406738,016E,YANTIAN,TACOMA,02-12-2020 14:39,06-12-2020 04:47,40HC,N,39602,KG
551926,ATHOS,9406738,016E,YANTIAN,TACOMA,02-12-2020 14:39,06-12-2020 04:47,40HC,N,39602,KG
552312,HYUNDAI BRAVE,9346304,090W,VANCOUVER,SHANGHAI,04-12-2020 18:50,10-12-2020 21:21,40ST,N,,
554809,YM MODESTY,9664885,049E,SURABAYA,NEW YORK,26-12-2020 06:29,04-01-2021 15:41,20ST,N,19421,KG
555342,SEASPAN YANGTZE,9630389,013W,VANCOUVER,SHANGHAI,25-12-2020 13:55,31-12-2020 21:09,40ST,N,,
555343,SEASPAN YANGTZE,9630389,013W,VANCOUVER,SHANGHAI,25-12-2020 13:55,30-12-2020 18:59,40ST,N,,
555351,SEASPAN YANGTZE,9630389,013W,VANCOUVER,SHANGHAI,25-12-2020 13:55,28-12-2020 20:12,40ST,N,,
555353,SEASPAN YANGTZE,9630389,013W,VANCOUVER,SHANGHAI,25-12-2020 13:55,28-12-2020 19:37,40ST,N,,
555374,SEASPAN YANGTZE,9630389,013W,VANCOUVER,SHANGHAI,25-12-2020 13:55,31-12-2020 22:39,40ST,N,,
555375,SEASPAN YANGTZE,9630389,013W,VANCOUVER,SHANGHAI,25-12-2020 13:55,01-01-2021 20:19,40ST,N,,
555381,SEASPAN YANGTZE,9630389,013W,VANCOUVER,SHANGHAI,25-12-2020 13:55,01-01-2021 04:28,40ST,N,,
555382,SEASPAN YANGTZE,9630389,013W,VANCOUVER,SHANGHAI,25-12-2020 13:55,31-12-2020 22:16,40ST,N,,
555402,SEASPAN YANGTZE,9630389,013W,VANCOUVER,SHANGHAI,25-12-2020 13:55,02-01-2021 02:46,40ST,N,,
555403,SEASPAN YANGTZE,9630389,013W,VANCOUVER,SHANGHAI,25-12-2020 13:55,29-12-2020 20:57,40ST,N,,
555404,SEASPAN YANGTZE,9630389,013W,VANCOUVER,SHANGHAI,25-12-2020 13:55,31-12-2020 19:42,40ST,N,,
555405,SEASPAN YANGTZE,9630389,013W,VANCOUVER,SHANGHAI,25-12-2020 13:55,28-12-2020 19:00,40ST,N,,
555435,NYK TRITON,9356713,084E,KAOHSIUNG,VANCOUVER,29-12-2020 21:42,05-01-2021 13:10,20ST,N,,
558035,YM UNANIMITY,9462718,053E,KEELUNG,LOS ANGELES,29-11-2020 07:24,15-12-2020 14:48,40ST,N,,
558567,SOFIA EXPRESS,9450404,062W,VANCOUVER,SHANGHAI,04-01-2021 19:35,09-01-2021 18:33,40ST,N,41408,KG
558569,SOFIA EXPRESS,9450404,062W,VANCOUVER,SHANGHAI,04-01-2021 19:35,09-01-2021 20:15,40ST,N,41408,KG
558571,SOFIA EXPRESS,9450404,062W,VANCOUVER,SHANGHAI,04-01-2021 19:35,10-01-2021 12:23,40ST,N,41408,KG
558573,SOFIA EXPRESS,9450404,062W,VANCOUVER,SHANGHAI,04-01-2021 19:35,07-01-2021 13:24,40ST,N,41408,KG
558588,SOFIA EXPRESS,9450404,062W,VANCOUVER,SHANGHAI,04-01-2021 19:35,09-01-2021 04:58,40ST,N,41408,KG
558593,SOFIA EXPRESS,9450404,062W,VANCOUVER,SHANGHAI,04-01-2021 19:35,10-01-2021 00:25,40ST,N,41408,KG
558605,SEASPAN HUDSON,9630418,019W,VANCOUVER,SHANGHAI,03-01-2021 16:40,17-01-2021 10:31,40ST,N,41984,KG
558606,SEASPAN HUDSON,9630418,019W,VANCOUVER,SHANGHAI,03-01-2021 16:40,16-01-2021 20:26,40ST,N,41984,KG
558617,SEASPAN HUDSON,9630418,019W,VANCOUVER,SHANGHAI,03-01-2021 16:40,08-01-2021 10:17,40ST,N,41408,KG
558621,ONE CRANE,9741401,018E,HONG KONG,OAKLAND,21-12-2020 05:59,22-12-2020 20:22,20ST,N,17500,KG
558816,MOL PROSPERITY,9321031,206E,KAOHSIUNG,TACOMA,12-12-2020 05:05,16-12-2020 08:24,20ST,N,15810,KG
559068,SEASPAN HUDSON,9630418,019W,VANCOUVER,SHANGHAI,03-01-2021 16:40,07-01-2021 11:58,40ST,N,41408,KG
559069,SEASPAN HUDSON,9630418,019W,VANCOUVER,SHANGHAI,03-01-2021 16:40,07-01-2021 11:17,40ST,N,41408,KG
559864,NAVIOS CONSTELLATION,9408877,013W,VANCOUVER,SHANGHAI,11-01-2021 05:40,15-01-2021 16:39,40ST,N,,
559879,SOFIA EXPRESS,9450404,062W,VANCOUVER,SHANGHAI,04-01-2021 19:35,11-01-2021 10:46,40ST,N,20704,KG
560138,SEASPAN HUDSON,9630418,019W,VANCOUVER,SHANGHAI,03-01-2021 16:40,08-01-2021 15:57,40ST,N,41408,KG
560311,SEASPAN HUDSON,9630418,019W,VANCOUVER,SHANGHAI,03-01-2021 16:40,07-01-2021 06:56,40ST,N,,
560314,SEASPAN HUDSON,9630418,019W,VANCOUVER,SHANGHAI,03-01-2021 16:40,07-01-2021 06:59,40ST,N,,
560611,CAUQUENES,9687552,2050E,SHANGHAI,MANZANILLO,07-01-2021 15:39,12-01-2021 13:03,40HC,N,22657,KG
560728,NAVIOS CONSTELLATION,9408877,013W,VANCOUVER,SHANGHAI,11-01-2021 05:40,18-01-2021 03:32,40ST,N,,
560729,NAVIOS CONSTELLATION,9408877,013W,VANCOUVER,SHANGHAI,11-01-2021 05:40,13-01-2021 20:15,40ST,N,,
560788,YM MILESTONE,9484998,071E,XIAMEN,LOS ANGELES,22-12-2020 04:29,30-12-2020 13:44,40HC,N,7433,KG
560961,YM UNICORN,9462732,050E,XIAMEN,LOS ANGELES,30-12-2020 12:34,11-01-2021 20:42,40HC,N,7434,KG
561039,MADRID BRIDGE,9805453,012E,SINGAPORE,NEW YORK,23-12-2020 06:15,23-12-2020 11:00,LCL,N,390,KG
572184,HMM PROMISE,9742168,018W,VANCOUVER,SHANGHAI,24-01-2021 22:40,26-01-2021 22:54,40ST,N,41408,KG
572185,HMM PROMISE,9742168,018W,VANCOUVER,SHANGHAI,24-01-2021 22:40,28-01-2021 22:59,40ST,N,41408,KG
572188,HMM PROMISE,9742168,018W,VANCOUVER,SHANGHAI,24-01-2021 22:40,29-01-2021 04:04,40ST,N,41408,KG
572189,HMM PROMISE,9742168,018W,VANCOUVER,SHANGHAI,24-01-2021 22:40,26-01-2021 22:04,40ST,N,41408,KG
572190,HMM PROMISE,9742168,018W,VANCOUVER,SHANGHAI,24-01-2021 22:40,27-01-2021 02:30,40ST,N,41408,KG
572192,HMM PROMISE,9742168,018W,VANCOUVER,SHANGHAI,24-01-2021 22:40,26-01-2021 22:32,40ST,N,41408,KG
572198,HMM PROMISE,9742168,018W,VANCOUVER,SHANGHAI,24-01-2021 22:40,28-01-2021 12:15,40ST,N,20704,KG
572408,SEASPAN BRIGHTNESS,9685346,033E,YANTIAN,TACOMA,11-12-2020 13:24,16-12-2020 08:55,LCL,N,3062,KG
572729,BUDAPEST EXPRESS,9450430,061E,SHANGHAI,SAVANNAH,15-01-2021 23:09,18-02-2021 12:33,40HC,N,5320,KG
572962,MOL MAESTRO,9415727,055E,COLOMBO,SAVANNAH,12-12-2020 06:09,12-12-2020 19:42,40HC,N,,
572966,MOL MAESTRO,9415727,055E,COLOMBO,SAVANNAH,12-12-2020 06:09,12-12-2020 19:42,40HC,N,,
572969,MOL MAESTRO,9415727,055E,COLOMBO,SAVANNAH,12-12-2020 06:09,12-12-2020 19:42,40HC,N,,
572973,PHOEBE,9293765,004E,SHANGHAI,SAVANNAH,08-01-2021 04:00,12-01-2021 16:20,40HC,N,5017,KG
573028,YM UNIFORM,9337482,216E,XIAMEN,LOS ANGELES,04-02-2021 04:10,12-02-2021 13:32,40HC,N,7444,KG
573228,YM TOTALITY,9860922,002W,VANCOUVER,SHANGHAI,09-02-2021 18:00,24-03-2021 21:57,40ST,N,41408,KG
573231,YM TOTALITY,9860922,002W,VANCOUVER,SHANGHAI,09-02-2021 18:00,19-02-2021 18:07,40ST,N,41408,KG
573234,YM TOTALITY,9860922,002W,VANCOUVER,SHANGHAI,09-02-2021 18:00,23-02-2021 21:28,40ST,N,41984,KG
573235,YM TOTALITY,9860922,002W,VANCOUVER,SHANGHAI,09-02-2021 18:00,23-02-2021 12:32,40ST,N,41984,KG
573238,YM TOTALITY,9860922,002W,VANCOUVER,SHANGHAI,09-02-2021 18:00,23-02-2021 03:28,40ST,N,41408,KG
573239,YM TOTALITY,9860922,002W,VANCOUVER,SHANGHAI,09-02-2021 18:00,23-02-2021 18:40,40ST,N,41408,KG
573243,YM TOTALITY,9860922,002W,VANCOUVER,SHANGHAI,09-02-2021 18:00,21-02-2021 16:19,40ST,N,41408,KG
573244,YM TOTALITY,9860922,002W,VANCOUVER,SHANGHAI,09-02-2021 18:00,18-02-2021 19:06,40ST,N,41408,KG
573245,YM TOTALITY,9860922,002W,VANCOUVER,SHANGHAI,09-02-2021 18:00,22-02-2021 15:50,40ST,N,41408,KG
573246,YM TOTALITY,9860922,002W,VANCOUVER,SHANGHAI,09-02-2021 18:00,22-02-2021 05:06,40ST,N,41408,KG
573303,YM TOTALITY,9860922,002W,VANCOUVER,SHANGHAI,09-02-2021 18:00,20-02-2021 05:53,40ST,N,41408,KG
573304,YM TOTALITY,9860922,002W,VANCOUVER,SHANGHAI,09-02-2021 18:00,20-02-2021 06:01,40ST,N,41408,KG
573305,YM TOTALITY,9860922,002W,VANCOUVER,SHANGHAI,09-02-2021 18:00,21-02-2021 06:18,40ST,N,20704,KG
573774,MOL MAESTRO,9415727,055E,COLOMBO,SAVANNAH,12-12-2020 06:09,12-12-2020 11:23,40HC,N,,
573786,TSINGTAO EXPRESS,9320702,070E,PUSAN,VANCOUVER,06-01-2021 03:55,07-01-2021 08:30,40HC,N,13869,KG
573858,NAGOYA EXPRESS,9450428,062W,VANCOUVER,SHANGHAI,20-01-2021 12:00,23-01-2021 02:39,40ST,N,20704,KG
573894,ONE OLYMPUS,9312987,063E,SHANGHAI,TACOMA,27-01-2021 08:12,03-02-2021 09:22,40HC,N,17678,KG
574001,ONE ARCADIA,9468310,054E,NINGBO,OAKLAND,23-01-2021 07:12,29-01-2021 00:31,40HC,N,30859,KG
574005,ONE ARCADIA,9468310,054E,NINGBO,OAKLAND,23-01-2021 07:12,28-01-2021 11:48,40HC,N,30859,KG
574019,HYUNDAI BANGKOK,9323510,100E,YANTIAN,OAKLAND,29-01-2021 16:29,01-02-2021 14:23,20ST,N,17139,KG
574025,ONE ARCADIA,9468310,054E,NINGBO,OAKLAND,23-01-2021 07:12,27-01-2021 21:54,40HC,N,28662,KG
574027,ONE ARCADIA,9468310,054E,NINGBO,OAKLAND,23-01-2021 07:12,28-01-2021 22:22,40HC,N,28662,KG
574032,HYUNDAI FORCE,9347566,087W,VANCOUVER,SHANGHAI,22-02-2021 09:00,25-02-2021 05:31,40ST,N,41408,KG
574034,HYUNDAI FORCE,9347566,087W,VANCOUVER,SHANGHAI,22-02-2021 09:00,24-02-2021 08:14,40ST,N,41408,KG
574048,HYUNDAI FORCE,9347566,087W,VANCOUVER,SHANGHAI,22-02-2021 09:00,23-02-2021 19:05,40ST,N,41408,KG
574049,HYUNDAI FORCE,9347566,087W,VANCOUVER,SHANGHAI,22-02-2021 09:00,28-02-2021 08:23,40ST,N,41408,KG
574050,HYUNDAI FORCE,9347566,087W,VANCOUVER,SHANGHAI,22-02-2021 09:00,26-02-2021 16:02,40ST,N,41408,KG
574051,HYUNDAI FORCE,9347566,087W,VANCOUVER,SHANGHAI,22-02-2021 09:00,27-02-2021 23:00,40ST,N,41408,KG
574052,HYUNDAI FORCE,9347566,087W,VANCOUVER,SHANGHAI,22-02-2021 09:00,25-02-2021 19:07,40ST,N,41408,KG
574054,HYUNDAI FORCE,9347566,087W,VANCOUVER,SHANGHAI,22-02-2021 09:00,25-02-2021 19:18,40ST,N,41408,KG
574121,HYUNDAI FORCE,9347566,087E,PUSAN,VANCOUVER,08-01-2021 18:59,12-01-2021 10:27,40HC,N,35966,KG
574126,HANOVER EXPRESS,9343716,094E,PUSAN,LOS ANGELES,05-01-2021 16:09,13-01-2021 16:14,40HC,N,16835,KG
574324,ONE ARCADIA,9468310,054E,NINGBO,OAKLAND,23-01-2021 07:12,27-01-2021 14:29,40HC,N,6960,KG
582322,ONE ARCADIA,9468310,054E,PUSAN,LOS ANGELES,14-01-2021 06:24,22-01-2021 18:24,40HC,N,8007,KG
582327,HANOVER EXPRESS,9343716,094E,PUSAN,LOS ANGELES,05-01-2021 16:09,19-01-2021 20:25,20ST,N,3668,KG
584574,NAGOYA EXPRESS,9450428,063E,SHANGHAI,TACOMA,01-03-2021 01:18,09-03-2021 15:31,40HC,N,18135,KG
584591,SEASPAN THAMES,9630377,019E,PUSAN,SEATTLE,25-01-2021 05:30,01-02-2021 15:36,20ST,N,8100,KG
586825,ONE COSMOS,9388340,078E,SHANGHAI,SAVANNAH,28-01-2021 07:49,29-01-2021 10:41,40HC,N,11242,KG
586855,NYK TRITON,9356713,0085E,KAOHSIUNG,VANCOUVER,26-02-2021 00:48,03-03-2021 14:02,20ST,N,16302,KG
586953,NAVIOS CONSTELLATION,9408877,014E,SHANGHAI,SEATTLE,23-02-2021 06:54,25-02-2021 13:30,40ST,N,8690,KG
587079,ONE ARCADIA,9468310,054E,PUSAN,LOS ANGELES,14-01-2021 06:24,21-01-2021 10:33,40HC,N,12220,KG
587080,ONE ARCADIA,9468310,054E,PUSAN,LOS ANGELES,14-01-2021 06:24,22-01-2021 20:47,20ST,N,15790,KG
587088,HYUNDAI NEPTUNE,9725158,015E,PUSAN,LOS ANGELES,12-01-2021 06:29,20-01-2021 13:48,40HC,N,17131,KG
587091,SEASPAN YANGTZE,9630389,014E,PUSAN,VANCOUVER,28-01-2021 22:19,02-02-2021 10:11,20ST,N,3319,KG
590293,ONE HANNOVER,9302138,082W,TOKYO,SINGAPORE,29-09-2020 03:25,30-09-2020 06:12,,N,780,KG
590311,NYK ORPHEUS,9313008,059W,TOKYO,SINGAPORE,06-10-2020 02:50,07-10-2020 05:18,,N,30,KG
590382,ONE HANNOVER,9302138,082W,TOKYO,SINGAPORE,29-09-2020 03:25,30-09-2020 06:36,,N,17765,KG
590386,ONE HANNOVER,9302138,082W,TOKYO,SINGAPORE,29-09-2020 03:25,30-09-2020 06:12,,N,3893,KG
593981,HYUNDAI FORCE,9347566,087E,PUSAN,VANCOUVER,08-01-2021 18:59,12-01-2021 08:58,40HC,N,35966,KG
609410,ONE ARCADIA,9468310,054E,PUSAN,LOS ANGELES,14-01-2021 06:24,21-01-2021 09:29,40HC,N,15790,KG
621627,YM MILESTONE,9484998,072E,XIAMEN,LOS ANGELES,18-02-2021 04:47,27-02-2021 01:52,40HC,N,7387,KG
643192,HYUNDAI TOKYO,9305673,128E,PUSAN,TACOMA,20-01-2021 04:49,25-01-2021 10:21,20ST,N,6158,KG
652054,HYUNDAI TOKYO,9305673,128E,PUSAN,VANCOUVER,23-01-2021 18:44,27-01-2021 09:01,40HC,N,17927,KG
657658,ONE HUMBER,9302140,085W,TOKYO,SINGAPORE,04-01-2021 00:20,05-01-2021 06:00,45G0,N,14432,KG
657661,ONE HUMBER,9302140,085W,TOKYO,SINGAPORE,04-01-2021 00:20,05-01-2021 05:58,45G0,N,14432,KG
657667,ONE HUMBER,9302140,085W,TOKYO,SINGAPORE,04-01-2021 00:20,05-01-2021 05:46,45G0,N,3509,KG
683412,SEASPAN YANGTZE,9630389,014E,PUSAN,SEATTLE,02-02-2021 09:22,10-02-2021 12:52,40HC,N,15055,KG
698712,CONTI ANNAPURNA,9286255,008E,SHANGHAI,NORFOLK,03-03-2021 11:14,05-03-2021 17:21,20ST,N,9023,KG
703773,SOFIA EXPRESS,9450404,063E,PUSAN,TACOMA,03-02-2021 15:14,08-02-2021 14:01,20ST,N,4195,KG
704005,SOFIA EXPRESS,9450404,063E,PUSAN,VANCOUVER,14-02-2021 01:14,19-02-2021 09:50,40HC,N,32028,KG
707488,CONTI CONQUEST,9293818,012E,KAOHSIUNG,SAVANNAH,25-02-2021 22:04,03-03-2021 14:50,20ST,N,15231,KG
735686,MOL CHARISMA,9321249,214E,KAOHSIUNG,JACKSONVILLE,17-02-2021 10:44,23-02-2021 14:53,20ST,N,15464,KG
737291,HYUNDAI EARTH,9725110,0025E,PUSAN,LOS ANGELES,02-02-2021 04:36,10-02-2021 22:36,40HC,N,25352,KG
737295,HYUNDAI EARTH,9725110,0025E,PUSAN,LOS ANGELES,02-02-2021 04:36,10-02-2021 00:17,40HC,N,25352,KG
753531,HYUNDAI EARTH,9725110,0025E,PUSAN,LOS ANGELES,02-02-2021 04:36,10-02-2021 09:07,40HC,N,28094,KG
753538,HYUNDAI EARTH,9725110,0025E,PUSAN,LOS ANGELES,02-02-2021 04:36,10-02-2021 09:46,40HC,N,28094,KG
769070,FRANKFURT EXPRESS,9450442,0068E,PUSAN,VANCOUVER,23-02-2021 00:09,01-03-2021 08:28,40HC,N,8047,KG
769279,FRANKFURT EXPRESS,9450442,0068E,PUSAN,TACOMA,16-02-2021 06:54,19-02-2021 10:36,40HC,N,11090,KG
784327,OSAKA EXPRESS,9320697,090E,PUSAN,LOS ANGELES,30-01-2021 14:14,08-02-2021 18:46,20ST,N,1230,KG
784339,OSAKA EXPRESS,9320697,090E,PUSAN,LOS ANGELES,30-01-2021 14:14,03-02-2021 14:43,40HC,N,36943,KG
784341,OSAKA EXPRESS,9320697,090E,PUSAN,LOS ANGELES,30-01-2021 14:14,04-02-2021 09:37,40HC,N,36943,KG
784343,OSAKA EXPRESS,9320697,090E,PUSAN,LOS ANGELES,30-01-2021 14:14,08-02-2021 10:26,20ST,N,36943,KG
790783,NAGOYA EXPRESS,9450428,063E,SHANGHAI,TACOMA,01-03-2021 01:18,09-03-2021 09:02,40HC,N,17172,KG
862945,MOL CELEBRATION,9321251,0080E,PUSAN,LOS ANGELES,05-02-2021 06:20,10-02-2021 15:59,20ST,N,7154,KG
863070,MOL CELEBRATION,9321251,0080E,PUSAN,LOS ANGELES,05-02-2021 06:20,12-02-2021 02:41,40HC,N,11344,KG
879815,ONE HANNOVER,9302138,083W,TOKYO,SINGAPORE,26-01-2021 08:20,26-01-2021 21:20,45G0,N,18951,KG
879818,ONE HANNOVER,9302138,083W,TOKYO,SINGAPORE,26-01-2021 08:20,27-01-2021 06:27,45G0,N,18951,KG
879821,ONE HANNOVER,9302138,083W,TOKYO,SINGAPORE,26-01-2021 08:20,27-01-2021 07:02,45G0,N,1932,KG
899865,SOFIA EXPRESS,9450404,063E,PUSAN,VANCOUVER,14-02-2021 01:14,17-02-2021 08:41,20ST,N,32028,KG
907263,NAGOYA EXPRESS,9450428,0063E,PUSAN,TACOMA,01-03-2021 01:18,09-03-2021 14:24,40HC,N,50083,KG
916805,NAGOYA EXPRESS,9450428,0063E,PUSAN,TACOMA,01-03-2021 01:18,09-03-2021 15:01,40HC,N,50083,KG
916814,NAGOYA EXPRESS,9450428,0063E,PUSAN,TACOMA,01-03-2021 01:18,09-03-2021 15:00,40HC,N,50083,KG
931147,SEASPAN ADONIS,9468293,060E,NINGBO,OAKLAND,24-02-2021 15:14,03-03-2021 13:38,40HC,N,14379,KG
936645,MOL CELEBRATION,9321251,079E,NINGBO,LOS ANGELES,16-12-2020 06:05,23-12-2020 14:26,40HC,N,25561,KG
936672,MOL CELEBRATION,9321251,079E,NINGBO,LOS ANGELES,16-12-2020 06:05,21-12-2020 16:40,40HC,N,25561,KG
936678,MOL CELEBRATION,9321251,079E,NINGBO,LOS ANGELES,16-12-2020 06:05,21-12-2020 15:10,40HC,N,25561,KG
949129,SEASPAN ADONIS,9468293,060E,NINGBO,OAKLAND,24-02-2021 15:14,05-03-2021 10:49,40HC,N,18072,KG
949171,SEASPAN ADONIS,9468293,060E,NINGBO,OAKLAND,24-02-2021 15:14,04-03-2021 00:40,40HC,N,18072,KG
956563,SEASPAN ADONIS,9468293,0060E,PUSAN,LOS ANGELES,13-02-2021 06:00,17-02-2021 20:09,40HC,N,19662,KG
956567,SEASPAN ADONIS,9468293,0060E,PUSAN,LOS ANGELES,13-02-2021 06:00,23-02-2021 08:44,40HC,N,19662,KG
1039432,HYUNDAI JUPITER,9725134,0016E,PUSAN,LOS ANGELES,22-02-2021 04:54,25-02-2021 21:23,40HC,N,11360,KG
1039552,HYUNDAI JUPITER,9725134,0016E,PUSAN,LOS ANGELES,22-02-2021 04:54,04-03-2021 15:52,20ST,N,2244,KG
1040864,SEASPAN GANGES,9630365,021E,CAI MEP,SAVANNAH,14-02-2021 20:54,22-02-2021 07:32,40HQ,N,9890,KG
1040881,SEASPAN BREEZE,9685358,037E,YANTIAN,TACOMA,29-01-2021 15:42,03-02-2021 13:59,40HQ,N,9890,KG
1040886,ONE COMPETENCE,9339662,076E,YANTIAN,LOS ANGELES,27-01-2021 06:00,02-02-2021 18:43,45HQ,N,9890,KG
1040889,YM WARMTH,9704647,026E,YANTIAN,NEW YORK,17-02-2021 02:04,22-02-2021 07:09,40HQ,N,9890,KG
1045259,NYK ORPHEUS,9313008,060W,TOKYO,SINGAPORE,04-02-2021 10:55,05-02-2021 06:29,45G0,N,17257,KG
1068779,YM TOTALITY,9860922,0003E,PUSAN,SEATTLE,19-03-2021 10:47,26-03-2021 11:57,40HC,N,14542,KG
1068957,YM TOTALITY,9860922,0003E,PUSAN,VANCOUVER,14-03-2021 10:09,18-03-2021 09:32,40HC,N,18846,KG
1074517,HANOVER EXPRESS,9343716,0095E,PUSAN,LOS ANGELES,24-02-2021 19:16,03-03-2021 11:57,20ST,N,4035,KG
1074520,HANOVER EXPRESS,9343716,0095E,PUSAN,LOS ANGELES,24-02-2021 19:16,02-03-2021 16:44,40HC,N,16931,KG
1081773,VANTAGE,9628192,2106E,YOKOHAMA,MANZANILLO,09-03-2021 09:34,11-03-2021 17:12,40HC,N,59971,KG
1081783,VANTAGE,9628192,2106E,YOKOHAMA,MANZANILLO,09-03-2021 09:34,13-03-2021 12:09,40ST,N,18775,KG
1081784,VANTAGE,9628192,2106E,YOKOHAMA,MANZANILLO,09-03-2021 09:34,11-03-2021 10:40,40HC,N,10678,KG
1081787,VANTAGE,9628192,2106E,YOKOHAMA,MANZANILLO,09-03-2021 09:34,13-03-2021 12:10,20ST,N,2231,KG
1082816,ONE HAMBURG,9395159,067W,TOKYO,SINGAPORE,17-02-2021 18:15,18-02-2021 06:35,45G0,N,408,KG
1082894,ONE HAMBURG,9395159,067W,TOKYO,SINGAPORE,17-02-2021 18:15,19-02-2021 06:09,45G0,N,6539,KG
1103890,ONE ALTAIR,9468308,053W,TOKYO,SINGAPORE,07-03-2021 00:50,08-03-2021 05:58,42G0,N,2394,KG
1103899,ONE ALTAIR,9468308,053W,TOKYO,SINGAPORE,07-03-2021 00:50,08-03-2021 07:25,42G0,N,11481,KG
1125113,VANTAGE,9628192,2106E,YOKOHAMA,MANZANILLO,09-03-2021 09:34,11-03-2021 17:12,40HC,N,59971,KG
1125116,VANTAGE,9628192,2106E,YOKOHAMA,MANZANILLO,09-03-2021 09:34,11-03-2021 15:49,20ST,N,59971,KG
1125121,VANTAGE,9628192,2106E,YOKOHAMA,MANZANILLO,09-03-2021 09:34,11-03-2021 15:49,40HC,N,59971,KG
1130663,NYK VIRGO,9312810,069W,TOKYO,SINGAPORE,08-03-2021 17:15,09-03-2021 20:00,45G0,N,20014,KG
1130664,NYK VIRGO,9312810,069W,TOKYO,SINGAPORE,08-03-2021 17:15,09-03-2021 20:04,45G0,N,327,KG
1130668,NYK VIRGO,9312810,069W,TOKYO,SINGAPORE,08-03-2021 17:15,09-03-2021 19:59,45G0,N,20014,KG
1153131,ONE HANGZHOU BAY,9566394,0040E,PUSAN,LOS ANGELES,19-02-2021 05:09,27-02-2021 14:34,40HC,N,6614,KG
1164674,HYUNDAI NEW YORK,9385025,017W,VANCOUVER,SHANGHAI,07-04-2021 03:30,17-04-2021 00:43,40HC,N,40000,KG
1164675,HYUNDAI NEW YORK,9385025,017W,VANCOUVER,SHANGHAI,07-04-2021 03:30,17-04-2021 00:59,40HC,N,40000,KG
298736,YM WIDTH,9708447,019E,HONG KONG,NEW YORK,30-07-2020 19:49,03-08-2020 12:37,20ST,N,,
298736,YM WIDTH,9708447,019E,HONG KONG,NEW YORK,30-07-2020 19:49,03-08-2020 12:37,20ST,N,,
559133,KALAMAZOO,9611058,012E,SURABAYA,HONOLULU,18-12-2020 05:09,28-12-2020 11:32,20ST,N,,
590395,NYK VIRGO,9312810,068W,TOKYO,SINGAPORE,22-12-2020 08:10,24-12-2020 18:30,42G0,N,19034,KG
590398,NYK VIRGO,9312810,068W,TOKYO,SINGAPORE,22-12-2020 08:10,24-12-2020 18:51,42G0,N,4279,KG
590401,NYK VIRGO,9312810,068W,TOKYO,SINGAPORE,22-12-2020 08:10,24-12-2020 09:29,45G0,N,4279,KG
590853,NYK VESTA,9312808,070W,TOKYO,SINGAPORE,29-12-2020 15:50,31-12-2020 06:13,45G0,N,371,KG
1040874,SEASPAN GANGES,9630365,021E,CAI MEP,NEW YORK,06-02-2021 17:34,09-02-2021 07:40,40HQ,N,9890,KG
1045252,NYK ORPHEUS,9313008,060W,TOKYO,SINGAPORE,04-02-2021 10:55,05-02-2021 07:21,45G0,N,17257,KG
1045255,NYK ORPHEUS,9313008,060W,TOKYO,SINGAPORE,04-02-2021 10:55,05-02-2021 06:19,45G0,N,6343,KG
